skid	name	paper_id	paper_name
346114	MBONa2sc#1	13040382	Paper: Dolan and Belliart-Guérin et al. 2018
1299700	PD2a1#1	13040382	Paper: Dolan and Belliart-Guérin et al. 2018
1415893	PD2a1#3	13040382	Paper: Dolan and Belliart-Guérin et al. 2018
1420974	MBONa2sc#2	13040382	Paper: Dolan and Belliart-Guérin et al. 2018
1454234	PD2a1#4	13040382	Paper: Dolan and Belliart-Guérin et al. 2018
1540941	MBONap2#1	13040382	Paper: Dolan and Belliart-Guérin et al. 2018
1606113	PD2b1#1	13040382	Paper: Dolan and Belliart-Guérin et al. 2018
2205218	PD2a1#2	13040382	Paper: Dolan and Belliart-Guérin et al. 2018
3345012	PD2b1#2	13040382	Paper: Dolan and Belliart-Guérin et al. 2018
11547665	PD2a1#5	13040382	Paper: Dolan and Belliart-Guérin et al. 2018
30591	MBON-Calyx 30592 ARH ASB JSL	12870485	Paper: Dolan et al. 2019
488055	AV4c2#1	12870485	Paper: Dolan et al. 2019
533772	AD3b1#1	12870485	Paper: Dolan et al. 2019
535060	putative MB-C1 535061	12870485	Paper: Dolan et al. 2019
1102557	PV6c1#1	12870485	Paper: Dolan et al. 2019
1103232	PV4c1#1	12870485	Paper: Dolan et al. 2019
1149437	AD1e1#1	12870485	Paper: Dolan et al. 2019
1288534	AV4a1#1	12870485	Paper: Dolan et al. 2019
1313334	WED-PN3#1	12870485	Paper: Dolan et al. 2019
1415926	AV6a1#1	12870485	Paper: Dolan et al. 2019
1478950	PPL2ab-PN1#1	12870485	Paper: Dolan et al. 2019
1546454	PV5k1#1	12870485	Paper: Dolan et al. 2019
1621078	PV5g1#1	12870485	Paper: Dolan et al. 2019
1703751	AD1b2#2	12870485	Paper: Dolan et al. 2019
1703872	PV2a1#1	12870485	Paper: Dolan et al. 2019
1710793	PV4a2#2	12870485	Paper: Dolan et al. 2019
1812530	AV4c1#1	12870485	Paper: Dolan et al. 2019
1853423	AV4b2#1	12870485	Paper: Dolan et al. 2019
1869224	PV4d4#1	12870485	Paper: Dolan et al. 2019
1870230	AV2a1#1	12870485	Paper: Dolan et al. 2019
1879479	AD1a2#1	12870485	Paper: Dolan et al. 2019
1911124	AV4a4#1	12870485	Paper: Dolan et al. 2019
1967862	AV1a2#1	12870485	Paper: Dolan et al. 2019
1967891	AV4b4#1	12870485	Paper: Dolan et al. 2019
2096700	PV4a12#1	12870485	Paper: Dolan et al. 2019
2130631	PV6a3#1	12870485	Paper: Dolan et al. 2019
2153398	WED-PN4#1	12870485	Paper: Dolan et al. 2019
2198365	AV2b2#1	12870485	Paper: Dolan et al. 2019
2227995	WED-PN1#1	12870485	Paper: Dolan et al. 2019
2402951	AD1d1#1	12870485	Paper: Dolan et al. 2019
2425247	PV5a1#1	12870485	Paper: Dolan et al. 2019
2548003	PV4a7#2	12870485	Paper: Dolan et al. 2019
2638597	AV2b1#1	12870485	Paper: Dolan et al. 2019
2684792	AV1a1#1	12870485	Paper: Dolan et al. 2019
2794070	AV1a3#1	12870485	Paper: Dolan et al. 2019
2842610	AD1b2#1	12870485	Paper: Dolan et al. 2019
2851242	AV4a3#1	12870485	Paper: Dolan et al. 2019
2969221	AD2a2#1	12870485	Paper: Dolan et al. 2019
3075158	AD1b2#3	12870485	Paper: Dolan et al. 2019
3078257	AD1b2#4	12870485	Paper: Dolan et al. 2019
3080086	AD1b2#5	12870485	Paper: Dolan et al. 2019
3080225	AD1b2#6	12870485	Paper: Dolan et al. 2019
3136591	PV2c1#1	12870485	Paper: Dolan et al. 2019
3367291	PV4a7#1	12870485	Paper: Dolan et al. 2019
3481901	PD3a1#1	12870485	Paper: Dolan et al. 2019
3587600	AV5a1#1	12870485	Paper: Dolan et al. 2019
3877150	AD1b2#7	12870485	Paper: Dolan et al. 2019
3897655	PV4a1#2	12870485	Paper: Dolan et al. 2019
3931736	PV3f1#1	12870485	Paper: Dolan et al. 2019
3931886	PV2b1#1	12870485	Paper: Dolan et al. 2019
3932461	PV2d1#1	12870485	Paper: Dolan et al. 2019
3950037	WED-PN2#1	12870485	Paper: Dolan et al. 2019
4017748	VNC-PN1#1	12870485	Paper: Dolan et al. 2019
4044614	PV4a2#1	12870485	Paper: Dolan et al. 2019
4100701	PV4a5#1	12870485	Paper: Dolan et al. 2019
4176088	AV7a1#1	12870485	Paper: Dolan et al. 2019
4182038	PD3a2#1	12870485	Paper: Dolan et al. 2019
4191753	LO-PN1#1	12870485	Paper: Dolan et al. 2019
4215506	PV4a4#1	12870485	Paper: Dolan et al. 2019
4292232	PV4c3#1	12870485	Paper: Dolan et al. 2019
4355299	PV4a10#1	12870485	Paper: Dolan et al. 2019
4513533	AD1b2#8	12870485	Paper: Dolan et al. 2019
4672476	WED-PN5#1	12870485	Paper: Dolan et al. 2019
4744251	AD1b2#9	12870485	Paper: Dolan et al. 2019
4902612	AV6b1#1	12870485	Paper: Dolan et al. 2019
4945705	PV5b3#1	12870485	Paper: Dolan et al. 2019
4946872	WED-PN6#1	12870485	Paper: Dolan et al. 2019
4974403	PLP-PN1#1	12870485	Paper: Dolan et al. 2019
5292219	PV5b2#1	12870485	Paper: Dolan et al. 2019
5676478	PV5c1#1	12870485	Paper: Dolan et al. 2019
5807217	PV5g2#1	12870485	Paper: Dolan et al. 2019
5918547	PV4a2#3	12870485	Paper: Dolan et al. 2019
5990596	AV4b8#1	12870485	Paper: Dolan et al. 2019
6197374	PV5c2#1	12870485	Paper: Dolan et al. 2019
6203604	PV4b1#1	12870485	Paper: Dolan et al. 2019
6536624	AD1b1#1	12870485	Paper: Dolan et al. 2019
6772893	AV6c1#1	12870485	Paper: Dolan et al. 2019
6825565	PV4a2#4	12870485	Paper: Dolan et al. 2019
7483643	PV4a1#3	12870485	Paper: Dolan et al. 2019
7739922	GNG-PN1#1	12870485	Paper: Dolan et al. 2019
8521115	LO-PN2#1	12870485	Paper: Dolan et al. 2019
8739442	PV6a1#1	12870485	Paper: Dolan et al. 2019
8927505	AVLP-PN1#1	12870485	Paper: Dolan et al. 2019
11519370	AD1a1#1	12870485	Paper: Dolan et al. 2019
11519536	PV4b2#1	12870485	Paper: Dolan et al. 2019
11520049	PV5a3#1	12870485	Paper: Dolan et al. 2019
11522508	AV6b3#1	12870485	Paper: Dolan et al. 2019
11522927	PV4a1#1	12870485	Paper: Dolan et al. 2019
11524200	PV5b1#1	12870485	Paper: Dolan et al. 2019
11524299	PV4b3#1	12870485	Paper: Dolan et al. 2019
11524386	PV4a3#1	12870485	Paper: Dolan et al. 2019
11524475	PV4d1#1	12870485	Paper: Dolan et al. 2019
11545702	PV12a1#1	12870485	Paper: Dolan et al. 2019
14809659	PV4c2#1	12870485	Paper: Dolan et al. 2019
2109445	MBON-y5B'2a	12823574	Paper: Felsenberg et al 2018
2333007	MBON-y1pedc>a/B	12823574	Paper: Felsenberg et al 2018
4291899	MBON-B'2mp	12823574	Paper: Felsenberg et al 2018
3095992	JO-B-13 (type-2)	14896682	Paper: Kim et al 2020
3109296	JO-B-31 (type-3)	14896682	Paper: Kim et al 2020
3123085	JO-B-30 (type-3)	14896682	Paper: Kim et al 2020
3129714	JO-B-33 (type-4)	14896682	Paper: Kim et al 2020
3129720	JO-B-34 (type-4)	14896682	Paper: Kim et al 2020
3129725	JO-B-35 (type-4)	14896682	Paper: Kim et al 2020
3149051	JO-B-4 (type-1)	14896682	Paper: Kim et al 2020
3164346	JO-B-36 (type-4)	14896682	Paper: Kim et al 2020
3169611	JO-B-32 (type-3)	14896682	Paper: Kim et al 2020
3170487	JO-B-37 (type-4)	14896682	Paper: Kim et al 2020
3171269	JO-B-38 (type-4)	14896682	Paper: Kim et al 2020
3172961	JO-B-28 (type-3)	14896682	Paper: Kim et al 2020
3178473	JO-B-39 (type-4)	14896682	Paper: Kim et al 2020
3186832	JO-B-40 (type-4)	14896682	Paper: Kim et al 2020
3187712	JO-B-6 (type-1)	14896682	Paper: Kim et al 2020
3188032	JO-B-41 (type-4)	14896682	Paper: Kim et al 2020
3188524	JO-A-15 (type-2)	14896682	Paper: Kim et al 2020
3216944	JO-A-16 (type-2)	14896682	Paper: Kim et al 2020
3224320	JO-A-17 (type-2)	14896682	Paper: Kim et al 2020
3252871	JO-A-18 (type-2)	14896682	Paper: Kim et al 2020
3265380	JO-A-19 (type-2)	14896682	Paper: Kim et al 2020
3278280	AMMC-B1-1	14896682	Paper: Kim et al 2020
3351842	JO-A-20 (type-2)	14896682	Paper: Kim et al 2020
3353939	JO-A-8 (type-1)	14896682	Paper: Kim et al 2020
3354422	JO-A-21 (type-2)	14896682	Paper: Kim et al 2020
3379262	JO-A-6 (type-1)	14896682	Paper: Kim et al 2020
3387407	JO-B-25 (type-3)	14896682	Paper: Kim et al 2020
3402380	JO-B-23 (type-2)	14896682	Paper: Kim et al 2020
3403100	JO-B-14 (type-2)	14896682	Paper: Kim et al 2020
3410761	JO-B-15 (type-2)	14896682	Paper: Kim et al 2020
3410772	JO-A-22 (type-2)	14896682	Paper: Kim et al 2020
3423628	JO-A-23 (type-2)	14896682	Paper: Kim et al 2020
3425912	JO-A-24 (type-2)	14896682	Paper: Kim et al 2020
3428621	JO-A-25 (type-2)	14896682	Paper: Kim et al 2020
3439547	JO-A-44 (type-3)	14896682	Paper: Kim et al 2020
3441502	JO-A-26 (type-2)	14896682	Paper: Kim et al 2020
3445359	JO-A-45 (type-3)	14896682	Paper: Kim et al 2020
3446283	JO-A-27 (type-2)	14896682	Paper: Kim et al 2020
3447303	JO-A-28 (type-2)	14896682	Paper: Kim et al 2020
3449992	JO-A-3 (type-1)	14896682	Paper: Kim et al 2020
3458430	JO-A-9 (type-1)	14896682	Paper: Kim et al 2020
3458576	JO-B-16 (type-2)	14896682	Paper: Kim et al 2020
3458820	JO-A-7 (type-1)	14896682	Paper: Kim et al 2020
3459185	JO-A-4 (type-1)	14896682	Paper: Kim et al 2020
3468150	JO-A-29 (type-2)	14896682	Paper: Kim et al 2020
3469424	JO-A-30 (type-2)	14896682	Paper: Kim et al 2020
3470123	JO-A-31 (type-2)	14896682	Paper: Kim et al 2020
3475003	JO-A-32 (type-2)	14896682	Paper: Kim et al 2020
3476053	JO-A-33 (type-2)	14896682	Paper: Kim et al 2020
3477376	JO-A-2 (type-1)	14896682	Paper: Kim et al 2020
3477673	JO-B-12 (type-2)	14896682	Paper: Kim et al 2020
3485838	JO-A-34 (type-2)	14896682	Paper: Kim et al 2020
3487462	JO-A-35 (type-2)	14896682	Paper: Kim et al 2020
3488976	JO-A-36 (type-2)	14896682	Paper: Kim et al 2020
3490054	JO-A-1 (type-1)	14896682	Paper: Kim et al 2020
3491416	JO-A-37 (type-2)	14896682	Paper: Kim et al 2020
3491533	JO-A-38 (type-2)	14896682	Paper: Kim et al 2020
3502670	JO-A-39 (type-2)	14896682	Paper: Kim et al 2020
3504256	JO-A-11 (type-1)	14896682	Paper: Kim et al 2020
3506478	JO-A-13 (type-1)	14896682	Paper: Kim et al 2020
3515963	JO-A-5 (type-1)	14896682	Paper: Kim et al 2020
3516673	JO-A-10 (type-1)	14896682	Paper: Kim et al 2020
3517017	JO-A-40 (type-2)	14896682	Paper: Kim et al 2020
3529301	JO-A-41 (type-2)	14896682	Paper: Kim et al 2020
3531049	JO-A-14 (type-1)	14896682	Paper: Kim et al 2020
3538466	JO-B-17 (type-2)	14896682	Paper: Kim et al 2020
3555162	JO-A-42 (type-2)	14896682	Paper: Kim et al 2020
3563320	JO-B-18 (type-2)	14896682	Paper: Kim et al 2020
3571801	JO-A-43 (type-2)	14896682	Paper: Kim et al 2020
3579164	JO-B-27 (type-3)	14896682	Paper: Kim et al 2020
3580997	JO-B-8 (type-1)	14896682	Paper: Kim et al 2020
3581009	JO-B-9 (type-1)	14896682	Paper: Kim et al 2020
3581020	JO-B-24 (type-2)	14896682	Paper: Kim et al 2020
3630644	JO-B-29 (type-3)	14896682	Paper: Kim et al 2020
3639511	JO-B-42 (type-4)	14896682	Paper: Kim et al 2020
3642969	JO-B-21 (type-2)	14896682	Paper: Kim et al 2020
3652095	JO-B-19 (type-2)	14896682	Paper: Kim et al 2020
3653474	JO-B-43 (type-4)	14896682	Paper: Kim et al 2020
3654886	JO-B-44 (type-4)	14896682	Paper: Kim et al 2020
3656399	JO-B-3 (type-1)	14896682	Paper: Kim et al 2020
3671778	JO-B-2 (type-1)	14896682	Paper: Kim et al 2020
3674078	JO-B-10 (type-1)	14896682	Paper: Kim et al 2020
3675673	JO-B-26 (type-3)	14896682	Paper: Kim et al 2020
3693844	JO-B-11 (type-1)	14896682	Paper: Kim et al 2020
3704262	JO-B-7 (type-1)	14896682	Paper: Kim et al 2020
3743875	JO-B-45 (type-4)	14896682	Paper: Kim et al 2020
3746370	JO-B-1 (type-1)	14896682	Paper: Kim et al 2020
3747723	JO-A-12 (type-1)	14896682	Paper: Kim et al 2020
3748235	JO-B-20 (type-2)	14896682	Paper: Kim et al 2020
3748800	JO-B-22 (type-2)	14896682	Paper: Kim et al 2020
3749227	JO-B-5 (type-1)	14896682	Paper: Kim et al 2020
3750066	AMMC-B1-4	14896682	Paper: Kim et al 2020
3760675	AMMC-B1-3	14896682	Paper: Kim et al 2020
3760679	AMMC-B1-2	14896682	Paper: Kim et al 2020
3760683	AMMC-B1-5	14896682	Paper: Kim et al 2020
1191261	OA-VPM4	13500459	Paper: Sayin et al 2019
1329078	OA-VPM3	13500459	Paper: Sayin et al 2019
2333007	MBON-y1pedc>a/B	13500459	Paper: Sayin et al 2019
42	PN glomerulus VA6 017 DB	11490509	Paper: Zheng et al 2018
7286	KC#12-a'b'	11490509	Paper: Zheng et al 2018
7646	KC#24-a'b'	11490509	Paper: Zheng et al 2018
9578	KC#68-y	11490509	Paper: Zheng et al 2018
11742	KC#120-a'b'	11490509	Paper: Zheng et al 2018
12874	KC#153-a'b'	11490509	Paper: Zheng et al 2018
13018	KC#156-ab	11490509	Paper: Zheng et al 2018
16406	KC#228-a'b'	11490509	Paper: Zheng et al 2018
21999	PN glomerulus VL2a 22000 JMR	11490509	Paper: Zheng et al 2018
22132	PN glomerulus VC1 22133 BH	11490509	Paper: Zheng et al 2018
22277	PN putative glomerulus VC3m 22278 AA	11490509	Paper: Zheng et al 2018
22422	PN glomerulus DL2v 22423 JMR	11490509	Paper: Zheng et al 2018
22594	PN glomerulus DM5 22595 BH	11490509	Paper: Zheng et al 2018
22744	PN putative glomerulus VC3m 22745 JMR	11490509	Paper: Zheng et al 2018
22906	PN glomerulus VA5 22907 JMR	11490509	Paper: Zheng et al 2018
22976	PN glomerulus VL2p 22977 JMR	11490509	Paper: Zheng et al 2018
23005	VP4 PN 23006 AA	11490509	Paper: Zheng et al 2018
23134	PN glomerulus VC3l 23135 BH	11490509	Paper: Zheng et al 2018
23432	PN glomerulus VA2 23433 AA	11490509	Paper: Zheng et al 2018
23512	PN glomerulus VM5v 23513 CF	11490509	Paper: Zheng et al 2018
23569	PN glomerulus VA4 23570 AA	11490509	Paper: Zheng et al 2018
23597	PN glomerulus VM4 23598 BH	11490509	Paper: Zheng et al 2018
23829	PN glomerulus DL4 23830 JMR	11490509	Paper: Zheng et al 2018
24251	PN glomerulus VM7v 24252 LK	11490509	Paper: Zheng et al 2018
24622	PN glomerulus D 24623 CF	11490509	Paper: Zheng et al 2018
24726	PN glomerulus VM1 24727 BH	11490509	Paper: Zheng et al 2018
27048	PN glomerulus DP1l 27049 BH	11490509	Paper: Zheng et al 2018
27246	PN glomerulus VM3 27247 JMR	11490509	Paper: Zheng et al 2018
27295	PN glomerulus DA1 27296 BH	11490509	Paper: Zheng et al 2018
27611	PN glomerulus DM5 27612 JMR	11490509	Paper: Zheng et al 2018
27884	PN glomerulus V bilateral 27885 JMR	11490509	Paper: Zheng et al 2018
28876	PN glomerulus DM3 28877 JMR	11490509	Paper: Zheng et al 2018
30434	PN glomerulus VM5v 30435 BH	11490509	Paper: Zheng et al 2018
30591	MBON-Calyx 30592 ARH ASB JSL	11490509	Paper: Zheng et al 2018
30791	PN glomerulus DL2d 30792 BH	11490509	Paper: Zheng et al 2018
30891	PN glomerulus DM1 30892 BH	11490509	Paper: Zheng et al 2018
32214	PN glomerulus VA7m 32215 BH	11490509	Paper: Zheng et al 2018
32399	PN glomerulus DC3 32400 AA	11490509	Paper: Zheng et al 2018
33903	PN glomerulus DL3 33904 JMR	11490509	Paper: Zheng et al 2018
35246	PN glomerulus D 35247 AA	11490509	Paper: Zheng et al 2018
35447	PN glomerulus VM5d 35448 AA	11490509	Paper: Zheng et al 2018
36108	PN glomerulus VA7m 36109 BH	11490509	Paper: Zheng et al 2018
36390	PN glomerulus VA1d 36391 BH	11490509	Paper: Zheng et al 2018
37212	Multiglomerular PN unknown 37213 JMR	11490509	Paper: Zheng et al 2018
37235	Multiglomerular PN unknown 37236 JMR	11490509	Paper: Zheng et al 2018
37250	PN glomerulus DA4m 37251 JMR	11490509	Paper: Zheng et al 2018
37513	VP3 PN 37489 AJ	11490509	Paper: Zheng et al 2018
37935	PN putative glomerulus VC4 37936 CF	11490509	Paper: Zheng et al 2018
38885	PN glomerulus DA2 38886 BH	11490509	Paper: Zheng et al 2018
39139	PN glomerulus VM5d 39140 CF	11490509	Paper: Zheng et al 2018
39254	PN putative glomerulus VM6 39255 JMR	11490509	Paper: Zheng et al 2018
39668	PN glomerulus DL5 39669 JMR	11490509	Paper: Zheng et al 2018
39682	PN glomerulus DM4 39683 JMR	11490509	Paper: Zheng et al 2018
40306	PN glomerulus VM7d 40307 CF	11490509	Paper: Zheng et al 2018
40637	PN glomerulus D 40638 BH	11490509	Paper: Zheng et al 2018
40749	PN glomerulus DA4l 40750 BH	11490509	Paper: Zheng et al 2018
41308	PN glomerulus VM3 41309 BH	11490509	Paper: Zheng et al 2018
41578	PN glomerulus VC3l 41579 AJ	11490509	Paper: Zheng et al 2018
42421	PN glomerulus VA1d 42422 JMR	11490509	Paper: Zheng et al 2018
42927	PN putative glomerulus VC4 42928 JMR	11490509	Paper: Zheng et al 2018
43539	PN glomerulus VM7v 43540 CF	11490509	Paper: Zheng et al 2018
45242	PN glomerulus VC2 45243 AA	11490509	Paper: Zheng et al 2018
45882	VP3 PN 45883 AA ECM	11490509	Paper: Zheng et al 2018
46105	bilat VP1 PN 46106 AA ECM	11490509	Paper: Zheng et al 2018
46493	PN glomerulus DC4 46494 JMR	11490509	Paper: Zheng et al 2018
46800	PN glomerulus VC3l 46801 JMR	11490509	Paper: Zheng et al 2018
49026	adPN polyL 49027 AJ	11490509	Paper: Zheng et al 2018
49865	PN glomerulus VM5d 49866 JMR	11490509	Paper: Zheng et al 2018
51080	PN glomerulus VA1v 57251 LK	11490509	Paper: Zheng et al 2018
51886	PN glomerulus VM2 51887 AA	11490509	Paper: Zheng et al 2018
52106	PN glomerulus VA1v 52107 AA	11490509	Paper: Zheng et al 2018
53631	PN glomerulus DA2 53632 AA	11490509	Paper: Zheng et al 2018
53671	PN glomerulus VM5v 53672 AA	11490509	Paper: Zheng et al 2018
54072	PN glomerulus VM2 54073 JMR	11490509	Paper: Zheng et al 2018
55085	PN putative glomerulus VC4 55086 AJ	11490509	Paper: Zheng et al 2018
55125	PN glomerulus VA1v 55126 BH	11490509	Paper: Zheng et al 2018
56424	PN glomerulus DM2 56425 BH	11490509	Paper: Zheng et al 2018
56623	PN glomerulus DL2v 56624 BH	11490509	Paper: Zheng et al 2018
57003	PN glomerulus VM4 57004 ML	11490509	Paper: Zheng et al 2018
57241	PN glomerulus DC3 57242 ML	11490509	Paper: Zheng et al 2018
57246	PN glomerulus VA1v 57247 HG	11490509	Paper: Zheng et al 2018
57254	adPN polyL 57255 NS	11490509	Paper: Zheng et al 2018
57266	adPN polyL 57267 ML	11490509	Paper: Zheng et al 2018
57274	PN putative DP1l glomerulus and glomerulus VL2p 57275 LK	11490509	Paper: Zheng et al 2018
57307	PN glomerulus DM6 57308 ML	11490509	Paper: Zheng et al 2018
57311	PN glomerulus DA1 57312 LK	11490509	Paper: Zheng et al 2018
57319	PN glomerulus VA3 57320 IJA	11490509	Paper: Zheng et al 2018
57323	PN glomerulus DA1 57324 LK JSL	11490509	Paper: Zheng et al 2018
57333	PN glomerulus DL2d 57334 IJA	11490509	Paper: Zheng et al 2018
57337	PN glomerulus DL2d 57338 IJA	11490509	Paper: Zheng et al 2018
57341	PN glomerulus DL2d 57342 ML	11490509	Paper: Zheng et al 2018
57349	PN putative glomerulus DA3 57350 HG	11490509	Paper: Zheng et al 2018
57353	PN glomerulus DA1 57354 GA	11490509	Paper: Zheng et al 2018
57361	PN glomerulus VA5 57362 ML	11490509	Paper: Zheng et al 2018
57365	PN glomerulus VA5 57366 NS	11490509	Paper: Zheng et al 2018
57381	PN glomerulus DA1 57382 ML	11490509	Paper: Zheng et al 2018
57385	PN glomerulus DM5 57386 HG	11490509	Paper: Zheng et al 2018
57402	PN glomerulus DC2 57403 SM	11490509	Paper: Zheng et al 2018
57410	PN glomerulus VA7l 57411 NS	11490509	Paper: Zheng et al 2018
57414	PN glomerulus DC3 57415 LK	11490509	Paper: Zheng et al 2018
57418	PN glomerulus DA2 57419 LK	11490509	Paper: Zheng et al 2018
57422	PN glomerulus DA2 57423 NS A	11490509	Paper: Zheng et al 2018
57426	PN unknown glomerulus 34 57427 NS	11490509	Paper: Zheng et al 2018
57499	PN putative glomerulus VL1 57500 ML	11490509	Paper: Zheng et al 2018
57503	VP1 PN 57504 LK ECM	11490509	Paper: Zheng et al 2018
57516	VP2 PN 57517 LK ECM	11490509	Paper: Zheng et al 2018
58686	PN glomerulus DP1m 22768 BH ASB	11490509	Paper: Zheng et al 2018
59129	PN VM5v and unknown glomerulus 59130 AJ	11490509	Paper: Zheng et al 2018
60445	putative MB-C1 32768 JMR	11490509	Paper: Zheng et al 2018
60799	PN glomerulus DM6 60800 JMR	11490509	Paper: Zheng et al 2018
61221	PN glomerulus DA1 61222 AJ	11490509	Paper: Zheng et al 2018
61773	PN glomerulus DL2v 61774 JMR	11490509	Paper: Zheng et al 2018
62434	PN glomerulus VM5d 62435 AJ	11490509	Paper: Zheng et al 2018
65465	PN putative glomerulus DA3 57407 ML	11490509	Paper: Zheng et al 2018
65762	PN glomerulus DC2 65763 AJ	11490509	Paper: Zheng et al 2018
67408	PN glomerulus DM2 67409 BH	11490509	Paper: Zheng et al 2018
67637	PN glomerulus DL2d 67638 BH	11490509	Paper: Zheng et al 2018
68697	PN glomerulus DM6 68698 BH	11490509	Paper: Zheng et al 2018
73937	PN putative glomerulus VL1 73938 LK	11490509	Paper: Zheng et al 2018
165303	PN glomerulus VA3 34321 JMR	11490509	Paper: Zheng et al 2018
175032	KC#273-a'b'	11490509	Paper: Zheng et al 2018
186573	PN glomerulus VA7m 21764 AA	11490509	Paper: Zheng et al 2018
192423	dlALT PN 192424 CLM -NM	11490509	Paper: Zheng et al 2018
192547	PN glomerulus V bilateral 192548 EAM GSXEJ RJVR	11490509	Paper: Zheng et al 2018
203504	dlALT PN 71750 ARH-NM	11490509	Paper: Zheng et al 2018
203840	APL 203841 MR JSL	11490509	Paper: Zheng et al 2018
205947	KC#288-ab	11490509	Paper: Zheng et al 2018
400943	PN putative glomerulus VC3m 24596 BH	11490509	Paper: Zheng et al 2018
424295	KC#487-ab	11490509	Paper: Zheng et al 2018
424379	KC#313-ab	11490509	Paper: Zheng et al 2018
515387	KC#547-ab	11490509	Paper: Zheng et al 2018
535060	putative MB-C1 535061	11490509	Paper: Zheng et al 2018
581536	PN glomerulus DL3 47095 JMR	11490509	Paper: Zheng et al 2018
755022	PN glomerulus DA1 57358 IJA	11490509	Paper: Zheng et al 2018
771242	PN glomerulus DC1 23665 AA	11490509	Paper: Zheng et al 2018
775731	PN glomerulus VM1 39831 JMR	11490509	Paper: Zheng et al 2018
1149173	t5ALT neuron 282136	11490509	Paper: Zheng et al 2018
1530770	MB-CP2 SCL fragment 68908	11490509	Paper: Zheng et al 2018
1549518	contralateral MB-CP2 1549519 SAC	11490509	Paper: Zheng et al 2018
1746412	KC#384-ab	11490509	Paper: Zheng et al 2018
1775706	PN glomerulus DL1 22153 JMR	11490509	Paper: Zheng et al 2018
1785034	PN glomerulus DA2 57399 LK	11490509	Paper: Zheng et al 2018
3104789	KC#395-y	11490509	Paper: Zheng et al 2018
3445525	KC#396-y	11490509	Paper: Zheng et al 2018
14003783	Multiglom and SEZ PN 57472 LK ECM	11490509	Paper: Zheng et al 2018
6510	KC#0-y	15549507	Paper: Zheng et al 2020
6582	KC#1-y	15549507	Paper: Zheng et al 2020
6618	KC#2-y	15549507	Paper: Zheng et al 2020
6630	KC#3-y	15549507	Paper: Zheng et al 2020
6662	KC#4-y	15549507	Paper: Zheng et al 2020
6762	KC#5-y	15549507	Paper: Zheng et al 2020
6838	KC#6-y	15549507	Paper: Zheng et al 2020
6934	KC#7-y	15549507	Paper: Zheng et al 2020
7118	KC#8-y	15549507	Paper: Zheng et al 2020
7150	KC#9-y	15549507	Paper: Zheng et al 2020
7222	KC#10-y	15549507	Paper: Zheng et al 2020
7282	KC#11-a'b'	15549507	Paper: Zheng et al 2020
7286	KC#12-a'b'	15549507	Paper: Zheng et al 2020
7302	KC#13-y	15549507	Paper: Zheng et al 2020
7330	KC#14-a'b'	15549507	Paper: Zheng et al 2020
7362	KC#15-a'b'	15549507	Paper: Zheng et al 2020
7410	KC#16-a'b'	15549507	Paper: Zheng et al 2020
7414	KC#17-a'b'	15549507	Paper: Zheng et al 2020
7418	KC#18-a'b'	15549507	Paper: Zheng et al 2020
7430	KC#19-a'b'	15549507	Paper: Zheng et al 2020
7454	KC#20-ab	15549507	Paper: Zheng et al 2020
7466	KC#21-ab	15549507	Paper: Zheng et al 2020
7506	KC#440-a'b'	15549507	Paper: Zheng et al 2020
7542	KC#22-a'b'	15549507	Paper: Zheng et al 2020
7634	KC#23-a'b'	15549507	Paper: Zheng et al 2020
7646	KC#24-a'b'	15549507	Paper: Zheng et al 2020
7702	KC#25-ab	15549507	Paper: Zheng et al 2020
7734	KC#26-y	15549507	Paper: Zheng et al 2020
7806	KC#27-y	15549507	Paper: Zheng et al 2020
7834	KC#28-y	15549507	Paper: Zheng et al 2020
7870	KC#29-y	15549507	Paper: Zheng et al 2020
7910	KC#30-y	15549507	Paper: Zheng et al 2020
8006	KC#31-y	15549507	Paper: Zheng et al 2020
8142	KC#32-y	15549507	Paper: Zheng et al 2020
8190	KC#33-y	15549507	Paper: Zheng et al 2020
8218	KC#34-y	15549507	Paper: Zheng et al 2020
8238	KC#35-y	15549507	Paper: Zheng et al 2020
8242	KC#36-y	15549507	Paper: Zheng et al 2020
8250	KC#37-y	15549507	Paper: Zheng et al 2020
8290	KC#38-a'b'	15549507	Paper: Zheng et al 2020
8302	KC#39-y	15549507	Paper: Zheng et al 2020
8306	KC#40-y	15549507	Paper: Zheng et al 2020
8322	KC#41-a'b'	15549507	Paper: Zheng et al 2020
8342	KC#42-y	15549507	Paper: Zheng et al 2020
8382	KC#43-y	15549507	Paper: Zheng et al 2020
8494	KC#44-y	15549507	Paper: Zheng et al 2020
8538	KC#45-y	15549507	Paper: Zheng et al 2020
8638	KC#46-y	15549507	Paper: Zheng et al 2020
8646	KC#47-y	15549507	Paper: Zheng et al 2020
8654	KC#48-y	15549507	Paper: Zheng et al 2020
8706	KC#49-y	15549507	Paper: Zheng et al 2020
8726	KC#50-y	15549507	Paper: Zheng et al 2020
8750	KC#51-y	15549507	Paper: Zheng et al 2020
8902	KC#52-y	15549507	Paper: Zheng et al 2020
8938	KC#53-y	15549507	Paper: Zheng et al 2020
8958	KC#54-y	15549507	Paper: Zheng et al 2020
9178	KC#55-y	15549507	Paper: Zheng et al 2020
9210	KC#56-y	15549507	Paper: Zheng et al 2020
9254	KC#57-a'b'	15549507	Paper: Zheng et al 2020
9294	KC#58-a'b'	15549507	Paper: Zheng et al 2020
9374	KC#59-y	15549507	Paper: Zheng et al 2020
9394	KC#60-y	15549507	Paper: Zheng et al 2020
9410	KC#61-y	15549507	Paper: Zheng et al 2020
9426	KC#62-y	15549507	Paper: Zheng et al 2020
9438	KC#63-y	15549507	Paper: Zheng et al 2020
9458	KC#64-a'b'	15549507	Paper: Zheng et al 2020
9494	KC#65-y	15549507	Paper: Zheng et al 2020
9502	KC#66-y	15549507	Paper: Zheng et al 2020
9558	KC#67-y	15549507	Paper: Zheng et al 2020
9578	KC#68-y	15549507	Paper: Zheng et al 2020
9590	KC#69-y	15549507	Paper: Zheng et al 2020
9654	KC#70-y	15549507	Paper: Zheng et al 2020
9658	KC#71-y	15549507	Paper: Zheng et al 2020
9702	KC#72-y	15549507	Paper: Zheng et al 2020
9738	KC#73-y	15549507	Paper: Zheng et al 2020
9742	KC#74-y	15549507	Paper: Zheng et al 2020
9754	KC#75-y	15549507	Paper: Zheng et al 2020
9762	KC#76-y	15549507	Paper: Zheng et al 2020
9842	KC#77-y	15549507	Paper: Zheng et al 2020
9930	KC#78-y	15549507	Paper: Zheng et al 2020
10078	KC#79-ab	15549507	Paper: Zheng et al 2020
10082	KC#80-ab	15549507	Paper: Zheng et al 2020
10166	KC#81-ab	15549507	Paper: Zheng et al 2020
10170	KC#82-ab	15549507	Paper: Zheng et al 2020
10202	KC#83-ab	15549507	Paper: Zheng et al 2020
10306	KC#84-ab	15549507	Paper: Zheng et al 2020
10378	KC#85-ab	15549507	Paper: Zheng et al 2020
10410	KC#86-ab	15549507	Paper: Zheng et al 2020
10442	KC#87-ab	15549507	Paper: Zheng et al 2020
10482	KC#88-ab	15549507	Paper: Zheng et al 2020
10526	KC#89-ab	15549507	Paper: Zheng et al 2020
10598	KC#90-ab	15549507	Paper: Zheng et al 2020
10630	KC#91-ab	15549507	Paper: Zheng et al 2020
10694	KC#92-ab	15549507	Paper: Zheng et al 2020
10698	KC#93-ab	15549507	Paper: Zheng et al 2020
10714	KC#94-ab	15549507	Paper: Zheng et al 2020
10722	KC#95-ab	15549507	Paper: Zheng et al 2020
10754	KC#96-ab	15549507	Paper: Zheng et al 2020
10814	KC#97-ab	15549507	Paper: Zheng et al 2020
10818	KC#98-ab	15549507	Paper: Zheng et al 2020
10850	KC#99-ab	15549507	Paper: Zheng et al 2020
10882	KC#100-ab	15549507	Paper: Zheng et al 2020
10894	KC#101-ab	15549507	Paper: Zheng et al 2020
10946	KC#102-ab	15549507	Paper: Zheng et al 2020
10986	KC#103-ab	15549507	Paper: Zheng et al 2020
11010	KC#104-ab	15549507	Paper: Zheng et al 2020
11078	KC#105-ab	15549507	Paper: Zheng et al 2020
11102	KC#106-ab	15549507	Paper: Zheng et al 2020
11106	KC#107-ab	15549507	Paper: Zheng et al 2020
11122	KC#108-ab	15549507	Paper: Zheng et al 2020
11138	KC#109-ab	15549507	Paper: Zheng et al 2020
11142	KC#110-ab	15549507	Paper: Zheng et al 2020
11146	KC#111-ab	15549507	Paper: Zheng et al 2020
11438	KC#112-y	15549507	Paper: Zheng et al 2020
11482	KC#113-y	15549507	Paper: Zheng et al 2020
11534	KC#114-y	15549507	Paper: Zheng et al 2020
11538	KC#115-y	15549507	Paper: Zheng et al 2020
11558	KC#116-y	15549507	Paper: Zheng et al 2020
11582	KC#117-y	15549507	Paper: Zheng et al 2020
11622	KC#118-y	15549507	Paper: Zheng et al 2020
11714	KC#119-a'b'	15549507	Paper: Zheng et al 2020
11742	KC#120-a'b'	15549507	Paper: Zheng et al 2020
11822	KC#121-y	15549507	Paper: Zheng et al 2020
11826	KC#122-y	15549507	Paper: Zheng et al 2020
11850	KC#123-y	15549507	Paper: Zheng et al 2020
11878	KC#124-y	15549507	Paper: Zheng et al 2020
11958	KC#125-a'b'	15549507	Paper: Zheng et al 2020
12014	KC#126-a'b'	15549507	Paper: Zheng et al 2020
12066	KC#127-a'b'	15549507	Paper: Zheng et al 2020
12070	KC#128-a'b'	15549507	Paper: Zheng et al 2020
12126	KC#129-y	15549507	Paper: Zheng et al 2020
12134	KC#130-y	15549507	Paper: Zheng et al 2020
12142	KC#131-y	15549507	Paper: Zheng et al 2020
12150	KC#132-a'b'	15549507	Paper: Zheng et al 2020
12190	KC#133-y	15549507	Paper: Zheng et al 2020
12210	KC#134-a'b'	15549507	Paper: Zheng et al 2020
12230	KC#135-a'b'	15549507	Paper: Zheng et al 2020
12266	KC#136-a'b'	15549507	Paper: Zheng et al 2020
12282	KC#137-a'b'	15549507	Paper: Zheng et al 2020
12430	KC#441-a'b'	15549507	Paper: Zheng et al 2020
12550	KC#138-ab	15549507	Paper: Zheng et al 2020
12586	KC#139-y	15549507	Paper: Zheng et al 2020
12590	KC#140-y	15549507	Paper: Zheng et al 2020
12594	KC#141-ab	15549507	Paper: Zheng et al 2020
12602	KC#142-ab	15549507	Paper: Zheng et al 2020
12618	KC#143-a'b'	15549507	Paper: Zheng et al 2020
12634	KC#144-ab	15549507	Paper: Zheng et al 2020
12638	KC#145-ab	15549507	Paper: Zheng et al 2020
12658	KC#146-ab	15549507	Paper: Zheng et al 2020
12686	KC#147-ab	15549507	Paper: Zheng et al 2020
12786	KC#148-ab	15549507	Paper: Zheng et al 2020
12830	KC#149-ab	15549507	Paper: Zheng et al 2020
12838	KC#150-ab	15549507	Paper: Zheng et al 2020
12842	KC#151-ab	15549507	Paper: Zheng et al 2020
12854	KC#152-ab	15549507	Paper: Zheng et al 2020
12874	KC#153-a'b'	15549507	Paper: Zheng et al 2020
12918	KC#154-ab	15549507	Paper: Zheng et al 2020
12934	KC#155-ab	15549507	Paper: Zheng et al 2020
13018	KC#156-ab	15549507	Paper: Zheng et al 2020
13030	KC#157-ab	15549507	Paper: Zheng et al 2020
13098	KC#158-ab	15549507	Paper: Zheng et al 2020
13102	KC#159-ab	15549507	Paper: Zheng et al 2020
13146	KC#160-ab	15549507	Paper: Zheng et al 2020
13158	KC#161-ab	15549507	Paper: Zheng et al 2020
13202	KC#162-ab	15549507	Paper: Zheng et al 2020
13278	KC#163-ab	15549507	Paper: Zheng et al 2020
13290	KC#164-ab	15549507	Paper: Zheng et al 2020
13302	KC#165-ab	15549507	Paper: Zheng et al 2020
13310	KC#166-ab	15549507	Paper: Zheng et al 2020
13314	KC#167-ab	15549507	Paper: Zheng et al 2020
13374	KC#168-ab	15549507	Paper: Zheng et al 2020
13378	KC#169-ab	15549507	Paper: Zheng et al 2020
13466	KC#170-ab	15549507	Paper: Zheng et al 2020
13518	KC#171-ab	15549507	Paper: Zheng et al 2020
13590	KC#172-ab	15549507	Paper: Zheng et al 2020
13682	KC#173-ab	15549507	Paper: Zheng et al 2020
13686	KC#174-ab	15549507	Paper: Zheng et al 2020
13782	KC#175-ab	15549507	Paper: Zheng et al 2020
13786	KC#176-ab	15549507	Paper: Zheng et al 2020
13818	KC#177-ab	15549507	Paper: Zheng et al 2020
13886	KC#178-ab	15549507	Paper: Zheng et al 2020
13890	KC#179-ab	15549507	Paper: Zheng et al 2020
13894	KC#180-ab	15549507	Paper: Zheng et al 2020
13926	KC#181-ab	15549507	Paper: Zheng et al 2020
14050	KC#182-ab	15549507	Paper: Zheng et al 2020
14054	KC#183-ab	15549507	Paper: Zheng et al 2020
14154	KC#184-ab	15549507	Paper: Zheng et al 2020
14158	KC#442-ab	15549507	Paper: Zheng et al 2020
14238	KC#185-a'b'	15549507	Paper: Zheng et al 2020
14322	KC#186-a'b'	15549507	Paper: Zheng et al 2020
14330	KC#187-a'b'	15549507	Paper: Zheng et al 2020
14342	KC#188-a'b'	15549507	Paper: Zheng et al 2020
14430	KC#189-a'b'	15549507	Paper: Zheng et al 2020
14434	KC#190-a'b'	15549507	Paper: Zheng et al 2020
14466	KC#191-ab	15549507	Paper: Zheng et al 2020
14478	KC#192-ab	15549507	Paper: Zheng et al 2020
14602	KC#193-ab	15549507	Paper: Zheng et al 2020
14618	KC#194-ab	15549507	Paper: Zheng et al 2020
14678	KC#195-y	15549507	Paper: Zheng et al 2020
14690	KC#196-a'b'	15549507	Paper: Zheng et al 2020
14838	KC#197-ab	15549507	Paper: Zheng et al 2020
14862	KC#198-ab	15549507	Paper: Zheng et al 2020
14866	KC#443-ab	15549507	Paper: Zheng et al 2020
14890	KC#199-ab	15549507	Paper: Zheng et al 2020
14910	KC#200-ab	15549507	Paper: Zheng et al 2020
14938	KC#201-y	15549507	Paper: Zheng et al 2020
14954	KC#202-y	15549507	Paper: Zheng et al 2020
14962	KC#444-y	15549507	Paper: Zheng et al 2020
15050	KC#203-y	15549507	Paper: Zheng et al 2020
15102	KC#204-y	15549507	Paper: Zheng et al 2020
15114	KC#205-y	15549507	Paper: Zheng et al 2020
15118	KC#206-y	15549507	Paper: Zheng et al 2020
15126	KC#445-y	15549507	Paper: Zheng et al 2020
15214	KC#207-y	15549507	Paper: Zheng et al 2020
15218	KC#208-y	15549507	Paper: Zheng et al 2020
15306	KC#209-y	15549507	Paper: Zheng et al 2020
15370	KC#210-y	15549507	Paper: Zheng et al 2020
15374	KC#211-y	15549507	Paper: Zheng et al 2020
15378	KC#212-y	15549507	Paper: Zheng et al 2020
15422	KC#213-y	15549507	Paper: Zheng et al 2020
15502	KC#214-y	15549507	Paper: Zheng et al 2020
15530	KC#215-y	15549507	Paper: Zheng et al 2020
15534	KC#216-y	15549507	Paper: Zheng et al 2020
15614	KC#217-y	15549507	Paper: Zheng et al 2020
15646	KC#218-y	15549507	Paper: Zheng et al 2020
15662	KC#219-a'b'	15549507	Paper: Zheng et al 2020
15730	KC#220-a'b'	15549507	Paper: Zheng et al 2020
15798	KC#221-ab	15549507	Paper: Zheng et al 2020
15958	KC#222-ab	15549507	Paper: Zheng et al 2020
15966	KC#223-ab	15549507	Paper: Zheng et al 2020
15990	KC#224-ab	15549507	Paper: Zheng et al 2020
16274	KC#225-a'b'	15549507	Paper: Zheng et al 2020
16286	KC#226-a'b'	15549507	Paper: Zheng et al 2020
16342	KC#227-y	15549507	Paper: Zheng et al 2020
16406	KC#228-a'b'	15549507	Paper: Zheng et al 2020
16410	KC#229-a'b'	15549507	Paper: Zheng et al 2020
16418	KC#230-a'b'	15549507	Paper: Zheng et al 2020
16522	KC#231-a'b'	15549507	Paper: Zheng et al 2020
16570	KC#232-y	15549507	Paper: Zheng et al 2020
16574	KC#233-y	15549507	Paper: Zheng et al 2020
16646	KC#234-y	15549507	Paper: Zheng et al 2020
16706	KC#235-y	15549507	Paper: Zheng et al 2020
16750	KC#236-y	15549507	Paper: Zheng et al 2020
16754	KC#237-y	15549507	Paper: Zheng et al 2020
16762	KC#446-y	15549507	Paper: Zheng et al 2020
16778	KC#238-y	15549507	Paper: Zheng et al 2020
16790	KC#239-y	15549507	Paper: Zheng et al 2020
16806	KC#240-y	15549507	Paper: Zheng et al 2020
16878	KC#241-y	15549507	Paper: Zheng et al 2020
16914	KC#242-y	15549507	Paper: Zheng et al 2020
16990	KC#243-y	15549507	Paper: Zheng et al 2020
17110	KC#244-y	15549507	Paper: Zheng et al 2020
17130	KC#245-y	15549507	Paper: Zheng et al 2020
17194	KC#246-y	15549507	Paper: Zheng et al 2020
17230	KC#447-y	15549507	Paper: Zheng et al 2020
17238	KC#247-y	15549507	Paper: Zheng et al 2020
17278	KC#248-y	15549507	Paper: Zheng et al 2020
25841	KC#249-ab	15549507	Paper: Zheng et al 2020
29893	KC#448-ab	15549507	Paper: Zheng et al 2020
30008	KC#250-ab	15549507	Paper: Zheng et al 2020
30067	KC#449-ab	15549507	Paper: Zheng et al 2020
30201	KC#251-ab	15549507	Paper: Zheng et al 2020
30300	KC#252-y	15549507	Paper: Zheng et al 2020
30358	KC#253-y	15549507	Paper: Zheng et al 2020
30598	KC#254-y	15549507	Paper: Zheng et al 2020
31267	KC#255-ab	15549507	Paper: Zheng et al 2020
31772	KC#256-a'b'	15549507	Paper: Zheng et al 2020
31785	KC#450-a'b'	15549507	Paper: Zheng et al 2020
35679	KC#257-a'b'	15549507	Paper: Zheng et al 2020
36480	KC#451-y	15549507	Paper: Zheng et al 2020
36909	KC#258-y	15549507	Paper: Zheng et al 2020
40538	KC#259-ab	15549507	Paper: Zheng et al 2020
52051	KC#452-ab	15549507	Paper: Zheng et al 2020
52062	KC#453-ab	15549507	Paper: Zheng et al 2020
52434	KC#260-a'b'	15549507	Paper: Zheng et al 2020
52569	KC#261-ab	15549507	Paper: Zheng et al 2020
52621	KC#454-ab	15549507	Paper: Zheng et al 2020
52651	KC#262-ab	15549507	Paper: Zheng et al 2020
52681	KC#455-ab	15549507	Paper: Zheng et al 2020
58561	KC#263-ab	15549507	Paper: Zheng et al 2020
59438	KC#264-y	15549507	Paper: Zheng et al 2020
59446	KC#265-y	15549507	Paper: Zheng et al 2020
59452	KC#456-y	15549507	Paper: Zheng et al 2020
59512	KC#266-y	15549507	Paper: Zheng et al 2020
70417	KC#267-y	15549507	Paper: Zheng et al 2020
70516	KC#268-y	15549507	Paper: Zheng et al 2020
70572	KC#457-y	15549507	Paper: Zheng et al 2020
73398	KC#458-y	15549507	Paper: Zheng et al 2020
74667	KC#459-y	15549507	Paper: Zheng et al 2020
74806	KC#460-y	15549507	Paper: Zheng et al 2020
79409	KC#461-y	15549507	Paper: Zheng et al 2020
162532	KC#269-a'b'	15549507	Paper: Zheng et al 2020
162545	KC#270-y	15549507	Paper: Zheng et al 2020
169900	KC#271-ab	15549507	Paper: Zheng et al 2020
171891	KC#462-y	15549507	Paper: Zheng et al 2020
175008	KC#272-y	15549507	Paper: Zheng et al 2020
175032	KC#273-a'b'	15549507	Paper: Zheng et al 2020
176001	KC#274-y	15549507	Paper: Zheng et al 2020
176326	KC#463-a'b'	15549507	Paper: Zheng et al 2020
177602	KC#275-ab	15549507	Paper: Zheng et al 2020
186561	KC#276-ab	15549507	Paper: Zheng et al 2020
188893	KC#277-ab	15549507	Paper: Zheng et al 2020
188907	KC#278-ab	15549507	Paper: Zheng et al 2020
189008	KC#279-ab	15549507	Paper: Zheng et al 2020
198100	KC#464-ab	15549507	Paper: Zheng et al 2020
198563	KC#280-ab	15549507	Paper: Zheng et al 2020
200094	KC#281-ab	15549507	Paper: Zheng et al 2020
204498	KC#465	15549507	Paper: Zheng et al 2020
204622	KC#466	15549507	Paper: Zheng et al 2020
204856	KC#282-y	15549507	Paper: Zheng et al 2020
205065	KC#283-y	15549507	Paper: Zheng et al 2020
205490	KC#284-y	15549507	Paper: Zheng et al 2020
205547	KC#285-y	15549507	Paper: Zheng et al 2020
205669	KC#286-y	15549507	Paper: Zheng et al 2020
205686	KC#287-y	15549507	Paper: Zheng et al 2020
205947	KC#288-ab	15549507	Paper: Zheng et al 2020
206268	KC#289-y	15549507	Paper: Zheng et al 2020
206512	KC#290-ab	15549507	Paper: Zheng et al 2020
206619	KC#467-ab	15549507	Paper: Zheng et al 2020
206630	KC#291-y	15549507	Paper: Zheng et al 2020
211473	KC#292-ab	15549507	Paper: Zheng et al 2020
212096	KC#293-ab	15549507	Paper: Zheng et al 2020
212136	KC#294-ab	15549507	Paper: Zheng et al 2020
236273	KC#468-y	15549507	Paper: Zheng et al 2020
239442	KC#295-ab	15549507	Paper: Zheng et al 2020
241339	KC#469-y	15549507	Paper: Zheng et al 2020
272604	KC#470-ab	15549507	Paper: Zheng et al 2020
282181	KC#471-a'b'	15549507	Paper: Zheng et al 2020
288558	KC#296-ab	15549507	Paper: Zheng et al 2020
318639	KC#297-y	15549507	Paper: Zheng et al 2020
319740	KC#298-y	15549507	Paper: Zheng et al 2020
321095	KC#472-y	15549507	Paper: Zheng et al 2020
340510	KC#473-y	15549507	Paper: Zheng et al 2020
341500	KC#474-y	15549507	Paper: Zheng et al 2020
356962	KC#299-a'b'	15549507	Paper: Zheng et al 2020
358030	KC#475-y	15549507	Paper: Zheng et al 2020
358059	KC#476-y	15549507	Paper: Zheng et al 2020
374621	KC#477-y	15549507	Paper: Zheng et al 2020
424175	KC#300-ab	15549507	Paper: Zheng et al 2020
424180	KC#478-ab	15549507	Paper: Zheng et al 2020
424185	KC#301-ab	15549507	Paper: Zheng et al 2020
424208	KC#479-ab	15549507	Paper: Zheng et al 2020
424214	KC#480-ab	15549507	Paper: Zheng et al 2020
424220	KC#302-ab	15549507	Paper: Zheng et al 2020
424226	KC#481-ab	15549507	Paper: Zheng et al 2020
424233	KC#482-ab	15549507	Paper: Zheng et al 2020
424239	KC#303-ab	15549507	Paper: Zheng et al 2020
424245	KC#304-ab	15549507	Paper: Zheng et al 2020
424251	KC#305-ab	15549507	Paper: Zheng et al 2020
424257	KC#483-ab	15549507	Paper: Zheng et al 2020
424263	KC#484-ab	15549507	Paper: Zheng et al 2020
424271	KC#485-ab	15549507	Paper: Zheng et al 2020
424277	KC#306-ab	15549507	Paper: Zheng et al 2020
424283	KC#486-ab	15549507	Paper: Zheng et al 2020
424289	KC#307-ab	15549507	Paper: Zheng et al 2020
424295	KC#487-ab	15549507	Paper: Zheng et al 2020
424301	KC#308-ab	15549507	Paper: Zheng et al 2020
424313	KC#488-ab	15549507	Paper: Zheng et al 2020
424319	KC#309-ab	15549507	Paper: Zheng et al 2020
424331	KC#310-ab	15549507	Paper: Zheng et al 2020
424343	KC#311-ab	15549507	Paper: Zheng et al 2020
424373	KC#312-ab	15549507	Paper: Zheng et al 2020
424379	KC#313-ab	15549507	Paper: Zheng et al 2020
424391	KC#489-ab	15549507	Paper: Zheng et al 2020
424397	KC#314-ab	15549507	Paper: Zheng et al 2020
424403	KC#490-ab	15549507	Paper: Zheng et al 2020
424409	KC#491-ab	15549507	Paper: Zheng et al 2020
424421	KC#315-ab	15549507	Paper: Zheng et al 2020
424427	KC#492-ab	15549507	Paper: Zheng et al 2020
424433	KC#316-ab	15549507	Paper: Zheng et al 2020
424439	KC#493-ab	15549507	Paper: Zheng et al 2020
424445	KC#317-ab	15549507	Paper: Zheng et al 2020
424451	KC#318-ab	15549507	Paper: Zheng et al 2020
424457	KC#319-ab	15549507	Paper: Zheng et al 2020
424463	KC#320-ab	15549507	Paper: Zheng et al 2020
424469	KC#321-ab	15549507	Paper: Zheng et al 2020
424475	KC#322-ab	15549507	Paper: Zheng et al 2020
424481	KC#494-ab	15549507	Paper: Zheng et al 2020
424487	KC#495-ab	15549507	Paper: Zheng et al 2020
424493	KC#323-ab	15549507	Paper: Zheng et al 2020
424499	KC#324-ab	15549507	Paper: Zheng et al 2020
424505	KC#496-ab	15549507	Paper: Zheng et al 2020
424511	KC#325-ab	15549507	Paper: Zheng et al 2020
424517	KC#497-ab	15549507	Paper: Zheng et al 2020
424523	KC#498-ab	15549507	Paper: Zheng et al 2020
424529	KC#499-ab	15549507	Paper: Zheng et al 2020
424535	KC#326-ab	15549507	Paper: Zheng et al 2020
424541	KC#500-ab	15549507	Paper: Zheng et al 2020
424547	KC#327-ab	15549507	Paper: Zheng et al 2020
424553	KC#501-ab	15549507	Paper: Zheng et al 2020
463099	KC#502-a'b'	15549507	Paper: Zheng et al 2020
463189	KC#503-y	15549507	Paper: Zheng et al 2020
470953	KC#328-ab	15549507	Paper: Zheng et al 2020
478790	KC#504-y	15549507	Paper: Zheng et al 2020
478810	KC#505-y	15549507	Paper: Zheng et al 2020
478899	KC#506-a'b'	15549507	Paper: Zheng et al 2020
481621	KC#507-ab	15549507	Paper: Zheng et al 2020
514351	KC#329-ab	15549507	Paper: Zheng et al 2020
514367	KC#330-ab	15549507	Paper: Zheng et al 2020
514373	KC#508-ab	15549507	Paper: Zheng et al 2020
514381	KC#509-ab	15549507	Paper: Zheng et al 2020
514387	KC#510-ab	15549507	Paper: Zheng et al 2020
514394	KC#511-ab	15549507	Paper: Zheng et al 2020
514400	KC#512-ab	15549507	Paper: Zheng et al 2020
514407	KC#331-ab	15549507	Paper: Zheng et al 2020
514414	KC#332-ab	15549507	Paper: Zheng et al 2020
514420	KC#333-ab	15549507	Paper: Zheng et al 2020
514427	KC#513-ab	15549507	Paper: Zheng et al 2020
514434	KC#334-ab	15549507	Paper: Zheng et al 2020
514440	KC#335-ab	15549507	Paper: Zheng et al 2020
514448	KC#336-ab	15549507	Paper: Zheng et al 2020
514462	KC#337-ab	15549507	Paper: Zheng et al 2020
514468	KC#514-ab	15549507	Paper: Zheng et al 2020
514521	KC#338-ab	15549507	Paper: Zheng et al 2020
514539	KC#339-ab	15549507	Paper: Zheng et al 2020
514562	KC#515-ab	15549507	Paper: Zheng et al 2020
514569	KC#340-ab	15549507	Paper: Zheng et al 2020
514596	KC#341-ab	15549507	Paper: Zheng et al 2020
514607	KC#516-ab	15549507	Paper: Zheng et al 2020
514614	KC#517-ab	15549507	Paper: Zheng et al 2020
514652	KC#342-ab	15549507	Paper: Zheng et al 2020
514658	KC#343-ab	15549507	Paper: Zheng et al 2020
514676	KC#344-ab	15549507	Paper: Zheng et al 2020
514732	KC#518-ab	15549507	Paper: Zheng et al 2020
514739	KC#519-ab	15549507	Paper: Zheng et al 2020
514761	KC#345-ab	15549507	Paper: Zheng et al 2020
514778	KC#346-ab	15549507	Paper: Zheng et al 2020
514784	KC#347-ab	15549507	Paper: Zheng et al 2020
514790	KC#520-ab	15549507	Paper: Zheng et al 2020
514812	KC#521-ab	15549507	Paper: Zheng et al 2020
514820	KC#348-ab	15549507	Paper: Zheng et al 2020
514849	KC#349-ab	15549507	Paper: Zheng et al 2020
514860	KC#350-ab	15549507	Paper: Zheng et al 2020
514877	KC#522-ab	15549507	Paper: Zheng et al 2020
514905	KC#523-ab	15549507	Paper: Zheng et al 2020
514946	KC#351-ab	15549507	Paper: Zheng et al 2020
514952	KC#524-ab	15549507	Paper: Zheng et al 2020
514959	KC#525-ab	15549507	Paper: Zheng et al 2020
514965	KC#352-ab	15549507	Paper: Zheng et al 2020
514972	KC#526-ab	15549507	Paper: Zheng et al 2020
514979	KC#353-ab	15549507	Paper: Zheng et al 2020
514985	KC#354-ab	15549507	Paper: Zheng et al 2020
514997	KC#527-ab	15549507	Paper: Zheng et al 2020
515006	KC#528-ab	15549507	Paper: Zheng et al 2020
515015	KC#355-ab	15549507	Paper: Zheng et al 2020
515058	KC#356-ab	15549507	Paper: Zheng et al 2020
515065	KC#357-ab	15549507	Paper: Zheng et al 2020
515071	KC#358-ab	15549507	Paper: Zheng et al 2020
515077	KC#359-ab	15549507	Paper: Zheng et al 2020
515083	KC#360-ab	15549507	Paper: Zheng et al 2020
515089	KC#529-ab	15549507	Paper: Zheng et al 2020
515096	KC#530-ab	15549507	Paper: Zheng et al 2020
515102	KC#531-ab	15549507	Paper: Zheng et al 2020
515108	KC#361-ab	15549507	Paper: Zheng et al 2020
515114	KC#532-ab	15549507	Paper: Zheng et al 2020
515120	KC#533-ab	15549507	Paper: Zheng et al 2020
515126	KC#362-ab	15549507	Paper: Zheng et al 2020
515132	KC#534-ab	15549507	Paper: Zheng et al 2020
515138	KC#363-ab	15549507	Paper: Zheng et al 2020
515183	KC#535-ab	15549507	Paper: Zheng et al 2020
515195	KC#536-ab	15549507	Paper: Zheng et al 2020
515201	KC#364-ab	15549507	Paper: Zheng et al 2020
515207	KC#537-ab	15549507	Paper: Zheng et al 2020
515213	KC#538-ab	15549507	Paper: Zheng et al 2020
515220	KC#539-ab	15549507	Paper: Zheng et al 2020
515226	KC#365-ab	15549507	Paper: Zheng et al 2020
515233	KC#366-ab	15549507	Paper: Zheng et al 2020
515239	KC#367-ab	15549507	Paper: Zheng et al 2020
515246	KC#368-ab	15549507	Paper: Zheng et al 2020
515252	KC#540-ab	15549507	Paper: Zheng et al 2020
515258	KC#369-ab	15549507	Paper: Zheng et al 2020
515266	KC#370-ab	15549507	Paper: Zheng et al 2020
515272	KC#371-ab	15549507	Paper: Zheng et al 2020
515281	KC#541-ab	15549507	Paper: Zheng et al 2020
515287	KC#372-ab	15549507	Paper: Zheng et al 2020
515293	KC#542-ab	15549507	Paper: Zheng et al 2020
515300	KC#373-ab	15549507	Paper: Zheng et al 2020
515308	KC#543-ab	15549507	Paper: Zheng et al 2020
515319	KC#544-ab	15549507	Paper: Zheng et al 2020
515331	KC#374-ab	15549507	Paper: Zheng et al 2020
515347	KC#375-ab	15549507	Paper: Zheng et al 2020
515358	KC#376-ab	15549507	Paper: Zheng et al 2020
515374	KC#545-ab	15549507	Paper: Zheng et al 2020
515380	KC#546-ab	15549507	Paper: Zheng et al 2020
515387	KC#547-ab	15549507	Paper: Zheng et al 2020
515393	KC#377-ab	15549507	Paper: Zheng et al 2020
515405	KC#548-ab	15549507	Paper: Zheng et al 2020
515411	KC#549-ab	15549507	Paper: Zheng et al 2020
518757	KC#550-ab	15549507	Paper: Zheng et al 2020
527040	KC#378-a'b'	15549507	Paper: Zheng et al 2020
531058	KC#379-y	15549507	Paper: Zheng et al 2020
533256	KC#551-y	15549507	Paper: Zheng et al 2020
533321	KC#552-ab	15549507	Paper: Zheng et al 2020
533326	KC#553-ab	15549507	Paper: Zheng et al 2020
533335	KC#554-y	15549507	Paper: Zheng et al 2020
534594	KC#555-y	15549507	Paper: Zheng et al 2020
535010	KC#556-y	15549507	Paper: Zheng et al 2020
538159	KC#380-ab	15549507	Paper: Zheng et al 2020
544969	KC#557-y	15549507	Paper: Zheng et al 2020
573398	KC#381-ab	15549507	Paper: Zheng et al 2020
582092	KC#558-a'b'	15549507	Paper: Zheng et al 2020
591301	KC#559-y	15549507	Paper: Zheng et al 2020
631134	KC#560-y	15549507	Paper: Zheng et al 2020
668122	KC#561-y	15549507	Paper: Zheng et al 2020
700502	KC#562-y	15549507	Paper: Zheng et al 2020
861848	KC#563-y	15549507	Paper: Zheng et al 2020
885290	KC#564-ab	15549507	Paper: Zheng et al 2020
1228256	KC#565-ab	15549507	Paper: Zheng et al 2020
1311366	KC#566-ab	15549507	Paper: Zheng et al 2020
1399495	KC#382-ab	15549507	Paper: Zheng et al 2020
1532001	KC#567-y	15549507	Paper: Zheng et al 2020
1532526	KC#568-y	15549507	Paper: Zheng et al 2020
1677889	KC#383-ab	15549507	Paper: Zheng et al 2020
1713640	KC#569-y	15549507	Paper: Zheng et al 2020
1742334	KC#570-a'b'	15549507	Paper: Zheng et al 2020
1746412	KC#384-ab	15549507	Paper: Zheng et al 2020
1796354	KC#571-y	15549507	Paper: Zheng et al 2020
1796364	KC#385-y	15549507	Paper: Zheng et al 2020
1796369	KC#572-y	15549507	Paper: Zheng et al 2020
1796374	KC#573-y	15549507	Paper: Zheng et al 2020
1796379	KC#574-y	15549507	Paper: Zheng et al 2020
2050082	KC#386-y	15549507	Paper: Zheng et al 2020
2238508	KC#387-a'b'	15549507	Paper: Zheng et al 2020
2239126	KC#575-y	15549507	Paper: Zheng et al 2020
2245813	KC#576-y	15549507	Paper: Zheng et al 2020
2277870	KC#577-a'b'	15549507	Paper: Zheng et al 2020
2290613	KC#388-y	15549507	Paper: Zheng et al 2020
2331275	KC#578-ab	15549507	Paper: Zheng et al 2020
2333233	KC#579-ab	15549507	Paper: Zheng et al 2020
2333656	KC#580-ab	15549507	Paper: Zheng et al 2020
2334463	KC#389-ab	15549507	Paper: Zheng et al 2020
2543170	KC#390-ab	15549507	Paper: Zheng et al 2020
2605226	KC#581-y	15549507	Paper: Zheng et al 2020
2606344	KC#582-y	15549507	Paper: Zheng et al 2020
2606349	KC#583-y	15549507	Paper: Zheng et al 2020
2717438	KC#584-a'b'	15549507	Paper: Zheng et al 2020
2764976	KC#585-ab	15549507	Paper: Zheng et al 2020
2812539	KC#391-ab	15549507	Paper: Zheng et al 2020
2815129	KC#586-y	15549507	Paper: Zheng et al 2020
2918719	KC#587-ab	15549507	Paper: Zheng et al 2020
3021737	KC#392-y	15549507	Paper: Zheng et al 2020
3023434	KC#393-y	15549507	Paper: Zheng et al 2020
3027230	KC#588	15549507	Paper: Zheng et al 2020
3027248	KC#394-y	15549507	Paper: Zheng et al 2020
3032505	KC#589-y	15549507	Paper: Zheng et al 2020
3104789	KC#395-y	15549507	Paper: Zheng et al 2020
3445525	KC#396-y	15549507	Paper: Zheng et al 2020
3797374	KC#590-y	15549507	Paper: Zheng et al 2020
3797921	KC#591-y	15549507	Paper: Zheng et al 2020
3798455	KC#592-y	15549507	Paper: Zheng et al 2020
3803179	KC#593-y	15549507	Paper: Zheng et al 2020
3803265	KC#594-y	15549507	Paper: Zheng et al 2020
3805463	KC#595-y	15549507	Paper: Zheng et al 2020
3828700	KC#397-y	15549507	Paper: Zheng et al 2020
3828706	KC#596-ab	15549507	Paper: Zheng et al 2020
3828802	KC#597-ab	15549507	Paper: Zheng et al 2020
3828811	KC#598-a'b'	15549507	Paper: Zheng et al 2020
3828888	KC#599-ab	15549507	Paper: Zheng et al 2020
3856959	KC#600-a'b'	15549507	Paper: Zheng et al 2020
3858926	KC#601-y	15549507	Paper: Zheng et al 2020
3859754	KC#398-y	15549507	Paper: Zheng et al 2020
3860663	KC#602-y	15549507	Paper: Zheng et al 2020
3870270	KC#603-y	15549507	Paper: Zheng et al 2020
3876778	KC#604-a'b'	15549507	Paper: Zheng et al 2020
3880231	KC#605-y	15549507	Paper: Zheng et al 2020
3887615	KC#606-y	15549507	Paper: Zheng et al 2020
3912298	KC#607-ab	15549507	Paper: Zheng et al 2020
3915958	KC#608-ab	15549507	Paper: Zheng et al 2020
3918200	KC#609-y	15549507	Paper: Zheng et al 2020
3931549	KC#610-y	15549507	Paper: Zheng et al 2020
4001699	KC#611-y	15549507	Paper: Zheng et al 2020
4012242	KC#612-ab	15549507	Paper: Zheng et al 2020
4029548	KC#613-y	15549507	Paper: Zheng et al 2020
4035554	KC#614-y	15549507	Paper: Zheng et al 2020
4044511	KC#615-ab	15549507	Paper: Zheng et al 2020
4050574	KC#616-y	15549507	Paper: Zheng et al 2020
4056680	KC#399-ab	15549507	Paper: Zheng et al 2020
4068885	KC#617-y	15549507	Paper: Zheng et al 2020
4085989	KC#618-a'b'	15549507	Paper: Zheng et al 2020
4110268	KC#619-y	15549507	Paper: Zheng et al 2020
4116327	KC#620-y	15549507	Paper: Zheng et al 2020
4116911	KC#621-y	15549507	Paper: Zheng et al 2020
4138944	KC#622-ab	15549507	Paper: Zheng et al 2020
4167146	KC#623-y	15549507	Paper: Zheng et al 2020
4169596	KC#624-y	15549507	Paper: Zheng et al 2020
4181431	KC#625-a'b'	15549507	Paper: Zheng et al 2020
4205164	KC#626-ab	15549507	Paper: Zheng et al 2020
4205169	KC#627-y	15549507	Paper: Zheng et al 2020
4209341	KC#400-y	15549507	Paper: Zheng et al 2020
4252591	KC#628-y	15549507	Paper: Zheng et al 2020
4323562	KC#401-ab	15549507	Paper: Zheng et al 2020
4333630	KC#629-a'b'	15549507	Paper: Zheng et al 2020
4376732	KC#630-y	15549507	Paper: Zheng et al 2020
4377191	KC#631-y	15549507	Paper: Zheng et al 2020
4413502	KC#632-y	15549507	Paper: Zheng et al 2020
4487497	KC#633-ab	15549507	Paper: Zheng et al 2020
4494616	KC#634-y	15549507	Paper: Zheng et al 2020
4522123	KC#635-y	15549507	Paper: Zheng et al 2020
4525827	KC#636-ab	15549507	Paper: Zheng et al 2020
4568751	KC#637-y	15549507	Paper: Zheng et al 2020
4577461	KC#638-y	15549507	Paper: Zheng et al 2020
4583398	KC#639-a'b'	15549507	Paper: Zheng et al 2020
4583656	KC#640-y	15549507	Paper: Zheng et al 2020
4591408	KC#641-y	15549507	Paper: Zheng et al 2020
4608004	KC#642-y	15549507	Paper: Zheng et al 2020
4611423	KC#643-y	15549507	Paper: Zheng et al 2020
4615724	KC#644-y	15549507	Paper: Zheng et al 2020
4645802	KC#645-y	15549507	Paper: Zheng et al 2020
4685925	KC#646-a'b'	15549507	Paper: Zheng et al 2020
4706268	KC#647-y	15549507	Paper: Zheng et al 2020
4708198	KC#648-ab	15549507	Paper: Zheng et al 2020
4777025	KC#649-ab	15549507	Paper: Zheng et al 2020
4810265	KC#650-y	15549507	Paper: Zheng et al 2020
4870775	KC#651-y	15549507	Paper: Zheng et al 2020
4927553	KC#402-y	15549507	Paper: Zheng et al 2020
4983291	KC#652-y	15549507	Paper: Zheng et al 2020
5020058	KC#653-y	15549507	Paper: Zheng et al 2020
5023576	KC#654-ab	15549507	Paper: Zheng et al 2020
5023633	KC#655-y	15549507	Paper: Zheng et al 2020
5048918	KC#656-y	15549507	Paper: Zheng et al 2020
5055252	KC#657-y	15549507	Paper: Zheng et al 2020
5824641	KC#403-a'b'	15549507	Paper: Zheng et al 2020
6826598	KC#404-y	15549507	Paper: Zheng et al 2020
7053684	KC#658-ab	15549507	Paper: Zheng et al 2020
7698540	KC#659-y	15549507	Paper: Zheng et al 2020
7701662	KC#660-a'b'	15549507	Paper: Zheng et al 2020
7712448	KC#661-y	15549507	Paper: Zheng et al 2020
7731771	KC#662-a'b'	15549507	Paper: Zheng et al 2020
7877698	KC#663-y	15549507	Paper: Zheng et al 2020
7904181	KC#664-y	15549507	Paper: Zheng et al 2020
7911576	KC#665-y	15549507	Paper: Zheng et al 2020
7943969	KC#666-y	15549507	Paper: Zheng et al 2020
8050559	KC#667-y	15549507	Paper: Zheng et al 2020
8076373	KC#405-a'b'	15549507	Paper: Zheng et al 2020
8139894	KC#406-a'b'	15549507	Paper: Zheng et al 2020
8189134	KC#407-a'b'	15549507	Paper: Zheng et al 2020
8198124	KC#408-a'b'	15549507	Paper: Zheng et al 2020
8217673	KC#409-ab	15549507	Paper: Zheng et al 2020
8220583	KC#410-ab	15549507	Paper: Zheng et al 2020
8252716	KC#411-y	15549507	Paper: Zheng et al 2020
8262078	KC#412-y	15549507	Paper: Zheng et al 2020
8262248	KC#413-ab	15549507	Paper: Zheng et al 2020
8277965	KC#414-y	15549507	Paper: Zheng et al 2020
8278640	KC#415-ab	15549507	Paper: Zheng et al 2020
8279560	KC#416-y	15549507	Paper: Zheng et al 2020
8279765	KC#417-ab	15549507	Paper: Zheng et al 2020
8280422	KC#418-y	15549507	Paper: Zheng et al 2020
8297026	KC#419-y	15549507	Paper: Zheng et al 2020
8302896	KC#420-y	15549507	Paper: Zheng et al 2020
8336193	KC#421-a'b'	15549507	Paper: Zheng et al 2020
8338709	KC#668-y	15549507	Paper: Zheng et al 2020
8361575	KC#669-y	15549507	Paper: Zheng et al 2020
8369584	KC#670-y	15549507	Paper: Zheng et al 2020
8370303	KC#671-y	15549507	Paper: Zheng et al 2020
8370334	KC#672	15549507	Paper: Zheng et al 2020
8377449	KC#673-y	15549507	Paper: Zheng et al 2020
8378760	KC#674-y	15549507	Paper: Zheng et al 2020
8378970	KC#675-ab	15549507	Paper: Zheng et al 2020
8379056	KC#676-y	15549507	Paper: Zheng et al 2020
8379909	KC#677	15549507	Paper: Zheng et al 2020
8387679	KC#678	15549507	Paper: Zheng et al 2020
8390388	KC#679-a'b'	15549507	Paper: Zheng et al 2020
8391002	KC#422-a'b'	15549507	Paper: Zheng et al 2020
8391655	KC#680-a'b'	15549507	Paper: Zheng et al 2020
8395029	KC#681	15549507	Paper: Zheng et al 2020
8396597	KC#682-a'b'	15549507	Paper: Zheng et al 2020
8396796	KC#683	15549507	Paper: Zheng et al 2020
8397248	KC#684-a'b'	15549507	Paper: Zheng et al 2020
8398470	KC#685-ab	15549507	Paper: Zheng et al 2020
8398660	KC#686	15549507	Paper: Zheng et al 2020
8398870	KC#687	15549507	Paper: Zheng et al 2020
8406463	KC#688-y	15549507	Paper: Zheng et al 2020
8408663	KC#689-y	15549507	Paper: Zheng et al 2020
8409714	KC#690	15549507	Paper: Zheng et al 2020
8410988	KC#691	15549507	Paper: Zheng et al 2020
8411125	KC#692	15549507	Paper: Zheng et al 2020
8412340	KC#693-ab	15549507	Paper: Zheng et al 2020
8413082	KC#694	15549507	Paper: Zheng et al 2020
8419995	KC#695	15549507	Paper: Zheng et al 2020
8420057	KC#696	15549507	Paper: Zheng et al 2020
8420625	KC#697-y	15549507	Paper: Zheng et al 2020
8421369	KC#698	15549507	Paper: Zheng et al 2020
8423134	KC#699	15549507	Paper: Zheng et al 2020
8426264	KC#700	15549507	Paper: Zheng et al 2020
8426633	KC#701-ab	15549507	Paper: Zheng et al 2020
8429008	KC#702	15549507	Paper: Zheng et al 2020
8429356	KC#703	15549507	Paper: Zheng et al 2020
8430509	KC#704	15549507	Paper: Zheng et al 2020
8439172	KC#705	15549507	Paper: Zheng et al 2020
8439289	KC#706	15549507	Paper: Zheng et al 2020
8441187	KC#707	15549507	Paper: Zheng et al 2020
8442544	KC#708	15549507	Paper: Zheng et al 2020
8443320	KC#709-a'b'	15549507	Paper: Zheng et al 2020
8445852	KC#710-ab	15549507	Paper: Zheng et al 2020
8446144	KC#711-ab	15549507	Paper: Zheng et al 2020
8446417	KC#712	15549507	Paper: Zheng et al 2020
8447556	KC#713-a'b'	15549507	Paper: Zheng et al 2020
8447731	KC#714	15549507	Paper: Zheng et al 2020
8448574	KC#715	15549507	Paper: Zheng et al 2020
8449714	KC#716	15549507	Paper: Zheng et al 2020
8449992	KC#717-ab	15549507	Paper: Zheng et al 2020
8456586	KC#718	15549507	Paper: Zheng et al 2020
8460662	KC#719	15549507	Paper: Zheng et al 2020
8462524	KC#720	15549507	Paper: Zheng et al 2020
8463672	KC#721	15549507	Paper: Zheng et al 2020
8464869	KC#722-a'b'	15549507	Paper: Zheng et al 2020
8465140	KC#723	15549507	Paper: Zheng et al 2020
8473714	KC#724	15549507	Paper: Zheng et al 2020
8474260	KC#423-ab	15549507	Paper: Zheng et al 2020
8478498	KC#725-ab	15549507	Paper: Zheng et al 2020
8484737	KC#726	15549507	Paper: Zheng et al 2020
8496988	KC#727-y	15549507	Paper: Zheng et al 2020
8592524	KC#728-a'b'	15549507	Paper: Zheng et al 2020
8652603	KC#729	15549507	Paper: Zheng et al 2020
8662622	KC#730	15549507	Paper: Zheng et al 2020
8670439	KC#731	15549507	Paper: Zheng et al 2020
8670454	KC#732	15549507	Paper: Zheng et al 2020
8670582	KC#733	15549507	Paper: Zheng et al 2020
8674752	KC#734	15549507	Paper: Zheng et al 2020
8680461	KC#735-y	15549507	Paper: Zheng et al 2020
8681055	KC#736	15549507	Paper: Zheng et al 2020
8731716	KC#737-y	15549507	Paper: Zheng et al 2020
8755280	KC#738-a'b'	15549507	Paper: Zheng et al 2020
8761046	KC#739-y	15549507	Paper: Zheng et al 2020
8762682	KC#740-a'b'	15549507	Paper: Zheng et al 2020
8762686	KC#741-ab	15549507	Paper: Zheng et al 2020
8763460	KC#742-y	15549507	Paper: Zheng et al 2020
8771471	KC#743-ab	15549507	Paper: Zheng et al 2020
8779393	KC#744-ab	15549507	Paper: Zheng et al 2020
8782565	KC#745-y	15549507	Paper: Zheng et al 2020
8783087	KC#746-y	15549507	Paper: Zheng et al 2020
8794629	KC#747-a'b'	15549507	Paper: Zheng et al 2020
8799774	KC#748-a'b'	15549507	Paper: Zheng et al 2020
8802820	KC#749-a'b'	15549507	Paper: Zheng et al 2020
8805938	KC#750-y	15549507	Paper: Zheng et al 2020
8808565	KC#751-y	15549507	Paper: Zheng et al 2020
8808887	KC#752-y	15549507	Paper: Zheng et al 2020
8817189	KC#753-ab	15549507	Paper: Zheng et al 2020
8838947	KC#754-a'b'	15549507	Paper: Zheng et al 2020
8850390	KC#755-a'b'	15549507	Paper: Zheng et al 2020
8854652	KC#756-a'b'	15549507	Paper: Zheng et al 2020
8870254	KC#757-y	15549507	Paper: Zheng et al 2020
8875041	KC#758-y	15549507	Paper: Zheng et al 2020
8879917	KC#759-a'b'	15549507	Paper: Zheng et al 2020
8885301	KC#760-ab	15549507	Paper: Zheng et al 2020
8885849	KC#761-ab	15549507	Paper: Zheng et al 2020
8890986	KC#762-a'b'	15549507	Paper: Zheng et al 2020
8894477	KC#763-ab	15549507	Paper: Zheng et al 2020
8911969	KC#764-ab	15549507	Paper: Zheng et al 2020
8918059	KC#765-y	15549507	Paper: Zheng et al 2020
8928912	KC#766-a'b'	15549507	Paper: Zheng et al 2020
8935488	KC#767-y	15549507	Paper: Zheng et al 2020
8936254	KC#424-ab	15549507	Paper: Zheng et al 2020
8936856	KC#768-ab	15549507	Paper: Zheng et al 2020
8937539	KC#769-y	15549507	Paper: Zheng et al 2020
8940379	KC#770-a'b'	15549507	Paper: Zheng et al 2020
8949847	KC#771-ab	15549507	Paper: Zheng et al 2020
8950668	KC#772-ab	15549507	Paper: Zheng et al 2020
8951977	KC#773-y	15549507	Paper: Zheng et al 2020
8956373	KC#774-a'b'	15549507	Paper: Zheng et al 2020
8957584	KC#775-y	15549507	Paper: Zheng et al 2020
8957689	KC#776-ab	15549507	Paper: Zheng et al 2020
8957972	KC#777-y	15549507	Paper: Zheng et al 2020
8969377	KC#778-y	15549507	Paper: Zheng et al 2020
8970963	KC#779-y	15549507	Paper: Zheng et al 2020
8971184	KC#780-ab	15549507	Paper: Zheng et al 2020
8975271	KC#781-y	15549507	Paper: Zheng et al 2020
8983188	KC#782-y	15549507	Paper: Zheng et al 2020
8983601	KC#783-a'b'	15549507	Paper: Zheng et al 2020
8986192	KC#784-a'b'	15549507	Paper: Zheng et al 2020
8991203	KC#785-y	15549507	Paper: Zheng et al 2020
8992272	KC#786-ab	15549507	Paper: Zheng et al 2020
8996437	KC#787-y	15549507	Paper: Zheng et al 2020
9000083	KC#788-ab	15549507	Paper: Zheng et al 2020
9008119	KC#789-ab	15549507	Paper: Zheng et al 2020
9013097	KC#790-ab	15549507	Paper: Zheng et al 2020
9014892	KC#791-y	15549507	Paper: Zheng et al 2020
9025227	KC#792-y	15549507	Paper: Zheng et al 2020
9028038	KC#793-ab	15549507	Paper: Zheng et al 2020
9029906	KC#794-ab	15549507	Paper: Zheng et al 2020
9052623	KC#795-ab	15549507	Paper: Zheng et al 2020
9052628	KC#796-ab	15549507	Paper: Zheng et al 2020
9052637	KC#797-a'b'	15549507	Paper: Zheng et al 2020
9052644	KC#798-ab	15549507	Paper: Zheng et al 2020
9052648	KC#799-ab	15549507	Paper: Zheng et al 2020
9052656	KC#800-y	15549507	Paper: Zheng et al 2020
9052688	KC#801-y	15549507	Paper: Zheng et al 2020
9052700	KC#802-y	15549507	Paper: Zheng et al 2020
9063681	KC#803-ab	15549507	Paper: Zheng et al 2020
9065418	KC#804-a'b'	15549507	Paper: Zheng et al 2020
9069405	KC#805-y	15549507	Paper: Zheng et al 2020
9094724	KC#806-y	15549507	Paper: Zheng et al 2020
9096278	KC#807-a'b'	15549507	Paper: Zheng et al 2020
9097930	KC#808-ab	15549507	Paper: Zheng et al 2020
9107369	KC#809-a'b'	15549507	Paper: Zheng et al 2020
9107543	KC#810-ab	15549507	Paper: Zheng et al 2020
9111219	KC#811-y	15549507	Paper: Zheng et al 2020
9134486	KC#812-a'b'	15549507	Paper: Zheng et al 2020
9137150	KC#813-y	15549507	Paper: Zheng et al 2020
9137312	KC#814-y	15549507	Paper: Zheng et al 2020
9144496	KC#815-y	15549507	Paper: Zheng et al 2020
9150135	KC#816-y	15549507	Paper: Zheng et al 2020
9156595	KC#817-y	15549507	Paper: Zheng et al 2020
9165088	KC#818-ab	15549507	Paper: Zheng et al 2020
9166341	KC#819-a'b'	15549507	Paper: Zheng et al 2020
9168453	KC#820-y	15549507	Paper: Zheng et al 2020
9171066	KC#821-ab	15549507	Paper: Zheng et al 2020
9172781	KC#822-y	15549507	Paper: Zheng et al 2020
9174909	KC#823-ab	15549507	Paper: Zheng et al 2020
9178535	KC#824-ab	15549507	Paper: Zheng et al 2020
9186095	KC#825-y	15549507	Paper: Zheng et al 2020
9186153	KC#826-y	15549507	Paper: Zheng et al 2020
9186162	KC#827-ab	15549507	Paper: Zheng et al 2020
9186181	KC#828-y	15549507	Paper: Zheng et al 2020
9186216	KC#829-y	15549507	Paper: Zheng et al 2020
9191892	KC#830-ab	15549507	Paper: Zheng et al 2020
9198377	KC#831-y	15549507	Paper: Zheng et al 2020
9198831	KC#832-ab	15549507	Paper: Zheng et al 2020
9210802	KC#833-y	15549507	Paper: Zheng et al 2020
9215081	KC#834-a'b'	15549507	Paper: Zheng et al 2020
9220810	KC#835-a'b'	15549507	Paper: Zheng et al 2020
9221593	KC#836-y	15549507	Paper: Zheng et al 2020
9224110	KC#837-y	15549507	Paper: Zheng et al 2020
9225497	KC#838-y	15549507	Paper: Zheng et al 2020
9228192	KC#839-y	15549507	Paper: Zheng et al 2020
9233093	KC#840-a'b'	15549507	Paper: Zheng et al 2020
9248222	KC#841-y	15549507	Paper: Zheng et al 2020
9249035	KC#842-a'b'	15549507	Paper: Zheng et al 2020
9253286	KC#843-ab	15549507	Paper: Zheng et al 2020
9258437	KC#844-a'b'	15549507	Paper: Zheng et al 2020
9258758	KC#425-y	15549507	Paper: Zheng et al 2020
9268737	KC#845-a'b'	15549507	Paper: Zheng et al 2020
9271793	KC#846-y	15549507	Paper: Zheng et al 2020
9271827	KC#847-ab	15549507	Paper: Zheng et al 2020
9271871	KC#848-y	15549507	Paper: Zheng et al 2020
9271877	KC#849-y	15549507	Paper: Zheng et al 2020
9271882	KC#850-y	15549507	Paper: Zheng et al 2020
9276414	KC#851-a'b'	15549507	Paper: Zheng et al 2020
9277584	KC#852-a'b'	15549507	Paper: Zheng et al 2020
9279528	KC#853-y	15549507	Paper: Zheng et al 2020
9280680	KC#854-ab	15549507	Paper: Zheng et al 2020
9282773	KC#855-a'b'	15549507	Paper: Zheng et al 2020
9283477	KC#856-a'b'	15549507	Paper: Zheng et al 2020
9306255	KC#857-ab	15549507	Paper: Zheng et al 2020
9311659	KC#858-y	15549507	Paper: Zheng et al 2020
9315272	KC#859-ab	15549507	Paper: Zheng et al 2020
9316502	KC#860-y	15549507	Paper: Zheng et al 2020
9318471	KC#861-y	15549507	Paper: Zheng et al 2020
9319364	KC#862-ab	15549507	Paper: Zheng et al 2020
9338312	KC#863-y	15549507	Paper: Zheng et al 2020
9345768	KC#864-y	15549507	Paper: Zheng et al 2020
9348391	KC#865-y	15549507	Paper: Zheng et al 2020
9362069	KC#866-ab	15549507	Paper: Zheng et al 2020
9363479	KC#867-y	15549507	Paper: Zheng et al 2020
9365081	KC#868-y	15549507	Paper: Zheng et al 2020
9369443	KC#869-ab	15549507	Paper: Zheng et al 2020
9371986	KC#870-ab	15549507	Paper: Zheng et al 2020
9371997	KC#871-a'b'	15549507	Paper: Zheng et al 2020
9372001	KC#872-y	15549507	Paper: Zheng et al 2020
9372011	KC#873-a'b'	15549507	Paper: Zheng et al 2020
9372015	KC#874-a'b'	15549507	Paper: Zheng et al 2020
9382557	KC#875-a'b'	15549507	Paper: Zheng et al 2020
9383270	KC#876-ab	15549507	Paper: Zheng et al 2020
9386351	KC#877-a'b'	15549507	Paper: Zheng et al 2020
9388347	KC#878-ab	15549507	Paper: Zheng et al 2020
9391862	KC#879-y	15549507	Paper: Zheng et al 2020
9392043	KC#880-a'b'	15549507	Paper: Zheng et al 2020
9396461	KC#881-y	15549507	Paper: Zheng et al 2020
9407224	KC#882-y	15549507	Paper: Zheng et al 2020
9409208	KC#883-a'b'	15549507	Paper: Zheng et al 2020
9410520	KC#884-a'b'	15549507	Paper: Zheng et al 2020
9411807	KC#885-a'b'	15549507	Paper: Zheng et al 2020
9431053	KC#886-a'b'	15549507	Paper: Zheng et al 2020
9437371	KC#887-ab	15549507	Paper: Zheng et al 2020
9440771	KC#888-ab	15549507	Paper: Zheng et al 2020
9444179	KC#889-ab	15549507	Paper: Zheng et al 2020
9447875	KC#890-ab	15549507	Paper: Zheng et al 2020
9447905	KC#426-ab	15549507	Paper: Zheng et al 2020
9447933	KC#891-ab	15549507	Paper: Zheng et al 2020
9447968	KC#892-y	15549507	Paper: Zheng et al 2020
9448028	KC#893-y	15549507	Paper: Zheng et al 2020
9448180	KC#894-y	15549507	Paper: Zheng et al 2020
9460891	KC#895-a'b'	15549507	Paper: Zheng et al 2020
9460944	KC#896-y	15549507	Paper: Zheng et al 2020
9464046	KC#897-ab	15549507	Paper: Zheng et al 2020
9466471	KC#898-a'b'	15549507	Paper: Zheng et al 2020
9469216	KC#899-y	15549507	Paper: Zheng et al 2020
9469390	KC#900-a'b'	15549507	Paper: Zheng et al 2020
9470598	KC#901-y	15549507	Paper: Zheng et al 2020
9472074	KC#902-ab	15549507	Paper: Zheng et al 2020
9474961	KC#903-a'b'	15549507	Paper: Zheng et al 2020
9476149	KC#904-y	15549507	Paper: Zheng et al 2020
9480568	KC#905-ab	15549507	Paper: Zheng et al 2020
9480687	KC#906-y	15549507	Paper: Zheng et al 2020
9491177	KC#907-y	15549507	Paper: Zheng et al 2020
9493370	KC#908-a'b'	15549507	Paper: Zheng et al 2020
9494838	KC#909-ab	15549507	Paper: Zheng et al 2020
9495510	KC#910-y	15549507	Paper: Zheng et al 2020
9500387	KC#911-y	15549507	Paper: Zheng et al 2020
9501371	KC#912-y	15549507	Paper: Zheng et al 2020
9507005	KC#913-a'b'	15549507	Paper: Zheng et al 2020
9509170	KC#914-ab	15549507	Paper: Zheng et al 2020
9509396	KC#915-y	15549507	Paper: Zheng et al 2020
9519450	KC#916-y	15549507	Paper: Zheng et al 2020
9521279	KC#917-ab	15549507	Paper: Zheng et al 2020
9521382	KC#918-y	15549507	Paper: Zheng et al 2020
9521576	KC#919-y	15549507	Paper: Zheng et al 2020
9527109	KC#920-ab	15549507	Paper: Zheng et al 2020
9527608	KC#921-ab	15549507	Paper: Zheng et al 2020
9527942	KC#922-ab	15549507	Paper: Zheng et al 2020
9528229	KC#427-y	15549507	Paper: Zheng et al 2020
9532035	KC#923-ab	15549507	Paper: Zheng et al 2020
9533778	KC#428-y	15549507	Paper: Zheng et al 2020
9535126	KC#924-ab	15549507	Paper: Zheng et al 2020
9541552	KC#925-ab	15549507	Paper: Zheng et al 2020
9545395	KC#926-a'b'	15549507	Paper: Zheng et al 2020
9547059	KC#927-y	15549507	Paper: Zheng et al 2020
9549089	KC#928-y	15549507	Paper: Zheng et al 2020
9550600	KC#929-ab	15549507	Paper: Zheng et al 2020
9550682	KC#930-y	15549507	Paper: Zheng et al 2020
9552710	KC#931-y	15549507	Paper: Zheng et al 2020
9559578	KC#932-y	15549507	Paper: Zheng et al 2020
9583983	KC#933-y	15549507	Paper: Zheng et al 2020
9584586	KC#934-y	15549507	Paper: Zheng et al 2020
9589552	KC#935-y	15549507	Paper: Zheng et al 2020
9591890	KC#936-y	15549507	Paper: Zheng et al 2020
9592065	KC#429-ab	15549507	Paper: Zheng et al 2020
9592186	KC#937-ab	15549507	Paper: Zheng et al 2020
9592219	KC#938-y	15549507	Paper: Zheng et al 2020
9593248	KC#939-ab	15549507	Paper: Zheng et al 2020
9593318	KC#940-y	15549507	Paper: Zheng et al 2020
9593967	KC#941-y	15549507	Paper: Zheng et al 2020
9594411	KC#942-y	15549507	Paper: Zheng et al 2020
9595661	KC#943-y	15549507	Paper: Zheng et al 2020
9595700	KC#944-a'b'	15549507	Paper: Zheng et al 2020
9596753	KC#945-a'b'	15549507	Paper: Zheng et al 2020
9597064	KC#946-ab	15549507	Paper: Zheng et al 2020
9607636	KC#947-y	15549507	Paper: Zheng et al 2020
9607746	KC#948-a'b'	15549507	Paper: Zheng et al 2020
9608335	KC#949-y	15549507	Paper: Zheng et al 2020
9611575	KC#950-ab	15549507	Paper: Zheng et al 2020
9613452	KC#951-ab	15549507	Paper: Zheng et al 2020
9613651	KC#952-y	15549507	Paper: Zheng et al 2020
9617111	KC#953-ab	15549507	Paper: Zheng et al 2020
9617569	KC#954-y	15549507	Paper: Zheng et al 2020
9619092	KC#955-a'b'	15549507	Paper: Zheng et al 2020
9619107	KC#956-a'b'	15549507	Paper: Zheng et al 2020
9619123	KC#957-ab	15549507	Paper: Zheng et al 2020
9620635	KC#958-ab	15549507	Paper: Zheng et al 2020
9623030	KC#959-ab	15549507	Paper: Zheng et al 2020
9629350	KC#960-y	15549507	Paper: Zheng et al 2020
9632776	KC#961-y	15549507	Paper: Zheng et al 2020
9633362	KC#962-ab	15549507	Paper: Zheng et al 2020
9633777	KC#963-y	15549507	Paper: Zheng et al 2020
9634680	KC#964-y	15549507	Paper: Zheng et al 2020
9634992	KC#965-ab	15549507	Paper: Zheng et al 2020
9636324	KC#966-a'b'	15549507	Paper: Zheng et al 2020
9641928	KC#967-y	15549507	Paper: Zheng et al 2020
9642060	KC#968-y	15549507	Paper: Zheng et al 2020
9642478	KC#969-y	15549507	Paper: Zheng et al 2020
9645946	KC#970-y	15549507	Paper: Zheng et al 2020
9650635	KC#971-y	15549507	Paper: Zheng et al 2020
9654604	KC#972-a'b'	15549507	Paper: Zheng et al 2020
9654666	KC#973-y	15549507	Paper: Zheng et al 2020
9657338	KC#974-y	15549507	Paper: Zheng et al 2020
9664219	KC#975-ab	15549507	Paper: Zheng et al 2020
9670369	KC#976-a'b'	15549507	Paper: Zheng et al 2020
9671422	KC#977-y	15549507	Paper: Zheng et al 2020
9672101	KC#978-y	15549507	Paper: Zheng et al 2020
9672619	KC#979-y	15549507	Paper: Zheng et al 2020
9675784	KC#980-y	15549507	Paper: Zheng et al 2020
9679011	KC#981-y	15549507	Paper: Zheng et al 2020
9690361	KC#982-y	15549507	Paper: Zheng et al 2020
9691005	KC#430-ab	15549507	Paper: Zheng et al 2020
9692436	KC#983-ab	15549507	Paper: Zheng et al 2020
9697536	KC#984-ab	15549507	Paper: Zheng et al 2020
9699217	KC#985-y	15549507	Paper: Zheng et al 2020
9707449	KC#986-ab	15549507	Paper: Zheng et al 2020
9709190	KC#987-ab	15549507	Paper: Zheng et al 2020
9710094	KC#988-y	15549507	Paper: Zheng et al 2020
9710290	KC#989-y	15549507	Paper: Zheng et al 2020
9711817	KC#990-y	15549507	Paper: Zheng et al 2020
9717716	KC#991-y	15549507	Paper: Zheng et al 2020
9722378	KC#992-y	15549507	Paper: Zheng et al 2020
9725087	KC#993-ab	15549507	Paper: Zheng et al 2020
9731376	KC#994-y	15549507	Paper: Zheng et al 2020
9733078	KC#995-ab	15549507	Paper: Zheng et al 2020
9735324	KC#996-a'b'	15549507	Paper: Zheng et al 2020
9736645	KC#997-y	15549507	Paper: Zheng et al 2020
9736667	KC#998-a'b'	15549507	Paper: Zheng et al 2020
9737463	KC#999-ab	15549507	Paper: Zheng et al 2020
9740044	KC#1000-ab	15549507	Paper: Zheng et al 2020
9742362	KC#1001-y	15549507	Paper: Zheng et al 2020
9742970	KC#1002-a'b'	15549507	Paper: Zheng et al 2020
9745795	KC#1003-y	15549507	Paper: Zheng et al 2020
9752683	KC#1004-a'b'	15549507	Paper: Zheng et al 2020
9756305	KC#1005-a'b'	15549507	Paper: Zheng et al 2020
9758485	KC#1006-a'b'	15549507	Paper: Zheng et al 2020
9758553	KC#1007-y	15549507	Paper: Zheng et al 2020
9762044	KC#1008-y	15549507	Paper: Zheng et al 2020
9762915	KC#1009-y	15549507	Paper: Zheng et al 2020
9764382	KC#1010-y	15549507	Paper: Zheng et al 2020
9771064	KC#1011-y	15549507	Paper: Zheng et al 2020
9790645	KC#1012-ab	15549507	Paper: Zheng et al 2020
9795149	KC#1013-a'b'	15549507	Paper: Zheng et al 2020
9797930	KC#1014-y	15549507	Paper: Zheng et al 2020
9810230	KC#1015-ab	15549507	Paper: Zheng et al 2020
9813280	KC#1016-ab	15549507	Paper: Zheng et al 2020
9814273	KC#1017-y	15549507	Paper: Zheng et al 2020
9815065	KC#1018-a'b'	15549507	Paper: Zheng et al 2020
9817277	KC#1019-ab	15549507	Paper: Zheng et al 2020
9826707	KC#1020-y	15549507	Paper: Zheng et al 2020
9829259	KC#1021-a'b'	15549507	Paper: Zheng et al 2020
9829848	KC#1022-y	15549507	Paper: Zheng et al 2020
9830207	KC#1023-a'b'	15549507	Paper: Zheng et al 2020
9830987	KC#1024-ab	15549507	Paper: Zheng et al 2020
9836579	KC#1025-ab	15549507	Paper: Zheng et al 2020
9836807	KC#1026-ab	15549507	Paper: Zheng et al 2020
9837038	KC#1027-a'b'	15549507	Paper: Zheng et al 2020
9840067	KC#1028-y	15549507	Paper: Zheng et al 2020
9844140	KC#1029-ab	15549507	Paper: Zheng et al 2020
9849708	KC#1030-y	15549507	Paper: Zheng et al 2020
9860757	KC#1031-ab	15549507	Paper: Zheng et al 2020
9862809	KC#1032-y	15549507	Paper: Zheng et al 2020
9863062	KC#1033-ab	15549507	Paper: Zheng et al 2020
9865759	KC#1034-a'b'	15549507	Paper: Zheng et al 2020
9866012	KC#1035-a'b'	15549507	Paper: Zheng et al 2020
9866447	KC#1036-y	15549507	Paper: Zheng et al 2020
9866677	KC#1037-ab	15549507	Paper: Zheng et al 2020
9872587	KC#1038-ab	15549507	Paper: Zheng et al 2020
9873884	KC#1039-ab	15549507	Paper: Zheng et al 2020
9874011	KC#1040-ab	15549507	Paper: Zheng et al 2020
9874162	KC#1041-ab	15549507	Paper: Zheng et al 2020
9876951	KC#1042-ab	15549507	Paper: Zheng et al 2020
9877356	KC#1043-y	15549507	Paper: Zheng et al 2020
9878440	KC#1044-ab	15549507	Paper: Zheng et al 2020
9878694	KC#1045-ab	15549507	Paper: Zheng et al 2020
9882057	KC#1046-ab	15549507	Paper: Zheng et al 2020
9882893	KC#1047-ab	15549507	Paper: Zheng et al 2020
9884778	KC#1048-y	15549507	Paper: Zheng et al 2020
9885903	KC#1049-ab	15549507	Paper: Zheng et al 2020
9887123	KC#1050-y	15549507	Paper: Zheng et al 2020
9889077	KC#1051-y	15549507	Paper: Zheng et al 2020
9890633	KC#1052-y	15549507	Paper: Zheng et al 2020
9894033	KC#1053-ab	15549507	Paper: Zheng et al 2020
9896992	KC#1054-a'b'	15549507	Paper: Zheng et al 2020
9901029	KC#1055-a'b'	15549507	Paper: Zheng et al 2020
9903604	KC#1056-a'b'	15549507	Paper: Zheng et al 2020
9903674	KC#1057-y	15549507	Paper: Zheng et al 2020
9904042	KC#1058-ab	15549507	Paper: Zheng et al 2020
9905307	KC#1059-y	15549507	Paper: Zheng et al 2020
9907430	KC#1060-ab	15549507	Paper: Zheng et al 2020
9907633	KC#1061-ab	15549507	Paper: Zheng et al 2020
9908355	KC#1062-a'b'	15549507	Paper: Zheng et al 2020
9917371	KC#1063-y	15549507	Paper: Zheng et al 2020
9919180	KC#1064-a'b'	15549507	Paper: Zheng et al 2020
9919241	KC#1065-ab	15549507	Paper: Zheng et al 2020
9921619	KC#1066-ab	15549507	Paper: Zheng et al 2020
9929089	KC#1067-y	15549507	Paper: Zheng et al 2020
9934131	KC#1068-y	15549507	Paper: Zheng et al 2020
9939473	KC#1069-y	15549507	Paper: Zheng et al 2020
9946069	KC#1070-ab	15549507	Paper: Zheng et al 2020
9961387	KC#1071-a'b'	15549507	Paper: Zheng et al 2020
9964006	KC#1072-y	15549507	Paper: Zheng et al 2020
9964060	KC#1073-a'b'	15549507	Paper: Zheng et al 2020
9965421	KC#1074-ab	15549507	Paper: Zheng et al 2020
9965686	KC#1075-y	15549507	Paper: Zheng et al 2020
9967802	KC#1076-a'b'	15549507	Paper: Zheng et al 2020
9968835	KC#1077-y	15549507	Paper: Zheng et al 2020
9969440	KC#1078-y	15549507	Paper: Zheng et al 2020
9971747	KC#1079-y	15549507	Paper: Zheng et al 2020
9976167	KC#1080-y	15549507	Paper: Zheng et al 2020
9982240	KC#1081-ab	15549507	Paper: Zheng et al 2020
9985327	KC#1082-y	15549507	Paper: Zheng et al 2020
9985453	KC#1083-ab	15549507	Paper: Zheng et al 2020
9987695	KC#1084-y	15549507	Paper: Zheng et al 2020
9989497	KC#1085-y	15549507	Paper: Zheng et al 2020
9989648	KC#431-ab	15549507	Paper: Zheng et al 2020
10001130	KC#1086-y	15549507	Paper: Zheng et al 2020
10007817	KC#1087-a'b'	15549507	Paper: Zheng et al 2020
10012579	KC#1088-y	15549507	Paper: Zheng et al 2020
10013816	KC#1089-ab	15549507	Paper: Zheng et al 2020
10015835	KC#1090-y	15549507	Paper: Zheng et al 2020
10016781	KC#1091-y	15549507	Paper: Zheng et al 2020
10017846	KC#1092-y	15549507	Paper: Zheng et al 2020
10023376	KC#1093-a'b'	15549507	Paper: Zheng et al 2020
10024850	KC#1094-y	15549507	Paper: Zheng et al 2020
10026445	KC#1095-ab	15549507	Paper: Zheng et al 2020
10028288	KC#1096-ab	15549507	Paper: Zheng et al 2020
10029882	KC#432-ab	15549507	Paper: Zheng et al 2020
10035909	KC#1097-a'b'	15549507	Paper: Zheng et al 2020
10041586	KC#1098-y	15549507	Paper: Zheng et al 2020
10047209	KC#1099-y	15549507	Paper: Zheng et al 2020
10049888	KC#1100-y	15549507	Paper: Zheng et al 2020
10050004	KC#1101-ab	15549507	Paper: Zheng et al 2020
10056324	KC#1102-ab	15549507	Paper: Zheng et al 2020
10063656	KC#1103-ab	15549507	Paper: Zheng et al 2020
10064925	KC#1104-ab	15549507	Paper: Zheng et al 2020
10066406	KC#1105-a'b'	15549507	Paper: Zheng et al 2020
10076516	KC#1106-ab	15549507	Paper: Zheng et al 2020
10078931	KC#1107-a'b'	15549507	Paper: Zheng et al 2020
10081550	KC#1108-a'b'	15549507	Paper: Zheng et al 2020
10082601	KC#1109-ab	15549507	Paper: Zheng et al 2020
10083320	KC#1110-y	15549507	Paper: Zheng et al 2020
10083795	KC#1111-a'b'	15549507	Paper: Zheng et al 2020
10084201	KC#1112-y	15549507	Paper: Zheng et al 2020
10088468	KC#1113-y	15549507	Paper: Zheng et al 2020
10092291	KC#1114-ab	15549507	Paper: Zheng et al 2020
10094877	KC#433-ab	15549507	Paper: Zheng et al 2020
10095862	KC#1115-ab	15549507	Paper: Zheng et al 2020
10101073	KC#1116-ab	15549507	Paper: Zheng et al 2020
10102968	KC#1117-y	15549507	Paper: Zheng et al 2020
10103220	KC#1118-y	15549507	Paper: Zheng et al 2020
10103558	KC#1119-y	15549507	Paper: Zheng et al 2020
10104463	KC#1120-y	15549507	Paper: Zheng et al 2020
10109368	KC#1121-y	15549507	Paper: Zheng et al 2020
10109866	KC#1122-ab	15549507	Paper: Zheng et al 2020
10114996	KC#1123-y	15549507	Paper: Zheng et al 2020
10120487	KC#1124-a'b'	15549507	Paper: Zheng et al 2020
10120552	KC#1125-y	15549507	Paper: Zheng et al 2020
10120996	KC#1126-y	15549507	Paper: Zheng et al 2020
10121027	KC#1127-ab	15549507	Paper: Zheng et al 2020
10127007	KC#1128-y	15549507	Paper: Zheng et al 2020
10127045	KC#1129-a'b'	15549507	Paper: Zheng et al 2020
10129667	KC#1130-ab	15549507	Paper: Zheng et al 2020
10139826	KC#1131-y	15549507	Paper: Zheng et al 2020
10142991	KC#1132-a'b'	15549507	Paper: Zheng et al 2020
10145641	KC#1133-a'b'	15549507	Paper: Zheng et al 2020
10146400	KC#1134-y	15549507	Paper: Zheng et al 2020
10150757	KC#1135-y	15549507	Paper: Zheng et al 2020
10152644	KC#1136-ab	15549507	Paper: Zheng et al 2020
10153962	KC#434-ab	15549507	Paper: Zheng et al 2020
10155069	KC#1137-y	15549507	Paper: Zheng et al 2020
10156117	KC#1138-y	15549507	Paper: Zheng et al 2020
10156811	KC#1139-a'b'	15549507	Paper: Zheng et al 2020
10160259	KC#1140-a'b'	15549507	Paper: Zheng et al 2020
10163221	KC#1141-ab	15549507	Paper: Zheng et al 2020
10165349	KC#1142-ab	15549507	Paper: Zheng et al 2020
10165814	KC#1143-y	15549507	Paper: Zheng et al 2020
10166046	KC#1144-y	15549507	Paper: Zheng et al 2020
10179616	KC#1145-y	15549507	Paper: Zheng et al 2020
10179697	KC#1146-ab	15549507	Paper: Zheng et al 2020
10181090	KC#1147-y	15549507	Paper: Zheng et al 2020
10187187	KC#1148-a'b'	15549507	Paper: Zheng et al 2020
10187623	KC#1149-y	15549507	Paper: Zheng et al 2020
10189421	KC#1150-y	15549507	Paper: Zheng et al 2020
10190852	KC#1151-ab	15549507	Paper: Zheng et al 2020
10190897	KC#1152-y	15549507	Paper: Zheng et al 2020
10199809	KC#1153-y	15549507	Paper: Zheng et al 2020
10201263	KC#1154-ab	15549507	Paper: Zheng et al 2020
10213125	KC#1155-ab	15549507	Paper: Zheng et al 2020
10217102	KC#1156-y	15549507	Paper: Zheng et al 2020
10217558	KC#1157-y	15549507	Paper: Zheng et al 2020
10218115	KC#1158-ab	15549507	Paper: Zheng et al 2020
10220676	KC#1159-y	15549507	Paper: Zheng et al 2020
10221444	KC#1160-y	15549507	Paper: Zheng et al 2020
10226548	KC#1161-ab	15549507	Paper: Zheng et al 2020
10228798	KC#1162-y	15549507	Paper: Zheng et al 2020
10228816	KC#1163-y	15549507	Paper: Zheng et al 2020
10231591	KC#1164-y	15549507	Paper: Zheng et al 2020
10234534	KC#1165-ab	15549507	Paper: Zheng et al 2020
10234859	KC#1166-ab	15549507	Paper: Zheng et al 2020
10235138	KC#1167-y	15549507	Paper: Zheng et al 2020
10235793	KC#1168-ab	15549507	Paper: Zheng et al 2020
10238067	KC#1169-y	15549507	Paper: Zheng et al 2020
10239037	KC#435-y	15549507	Paper: Zheng et al 2020
10239046	KC#1170-ab	15549507	Paper: Zheng et al 2020
10241613	KC#1171-y	15549507	Paper: Zheng et al 2020
10245088	KC#1172-ab	15549507	Paper: Zheng et al 2020
10257379	KC#1173-y	15549507	Paper: Zheng et al 2020
10262401	KC#1174-y	15549507	Paper: Zheng et al 2020
10265651	KC#1175-y	15549507	Paper: Zheng et al 2020
10268481	KC#1176-a'b'	15549507	Paper: Zheng et al 2020
10269119	KC#1177-y	15549507	Paper: Zheng et al 2020
10270053	KC#1178-y	15549507	Paper: Zheng et al 2020
10286977	KC#1179-y	15549507	Paper: Zheng et al 2020
10288552	KC#1180-a'b'	15549507	Paper: Zheng et al 2020
10290400	KC#1181-ab	15549507	Paper: Zheng et al 2020
10290411	KC#1182-y	15549507	Paper: Zheng et al 2020
10294635	KC#1183-a'b'	15549507	Paper: Zheng et al 2020
10299767	KC#1184-a'b'	15549507	Paper: Zheng et al 2020
10303059	KC#1185-ab	15549507	Paper: Zheng et al 2020
10305312	KC#1186-ab	15549507	Paper: Zheng et al 2020
10308894	KC#1187-ab	15549507	Paper: Zheng et al 2020
10310191	KC#1188-ab	15549507	Paper: Zheng et al 2020
10310581	KC#1189-y	15549507	Paper: Zheng et al 2020
10313021	KC#1190-a'b'	15549507	Paper: Zheng et al 2020
10323902	KC#1191-a'b'	15549507	Paper: Zheng et al 2020
10324353	KC#1192-y	15549507	Paper: Zheng et al 2020
10328122	KC#1193-y	15549507	Paper: Zheng et al 2020
10331589	KC#1194-y	15549507	Paper: Zheng et al 2020
10339376	KC#1195-ab	15549507	Paper: Zheng et al 2020
10341807	KC#1196-y	15549507	Paper: Zheng et al 2020
10342135	KC#1197-ab	15549507	Paper: Zheng et al 2020
10343242	KC#1198-y	15549507	Paper: Zheng et al 2020
10355090	KC#1199-y	15549507	Paper: Zheng et al 2020
10355323	KC#1200-a'b'	15549507	Paper: Zheng et al 2020
10356061	KC#1201-y	15549507	Paper: Zheng et al 2020
10358039	KC#1202-y	15549507	Paper: Zheng et al 2020
10360350	KC#1203-y	15549507	Paper: Zheng et al 2020
10362696	KC#1204-y	15549507	Paper: Zheng et al 2020
10363950	KC#1205-y	15549507	Paper: Zheng et al 2020
10364169	KC#1206-a'b'	15549507	Paper: Zheng et al 2020
10365614	KC#1207-ab	15549507	Paper: Zheng et al 2020
10367860	KC#1208-y	15549507	Paper: Zheng et al 2020
10372665	KC#1209-y	15549507	Paper: Zheng et al 2020
10373523	KC#1210-y	15549507	Paper: Zheng et al 2020
10375978	KC#1211-a'b'	15549507	Paper: Zheng et al 2020
10378090	KC#1212-y	15549507	Paper: Zheng et al 2020
10378275	KC#1213-ab	15549507	Paper: Zheng et al 2020
10379190	KC#1214-ab	15549507	Paper: Zheng et al 2020
10379849	KC#1215-y	15549507	Paper: Zheng et al 2020
10380890	KC#1216-a'b'	15549507	Paper: Zheng et al 2020
10381009	KC#1217-y	15549507	Paper: Zheng et al 2020
10389295	KC#1218-ab	15549507	Paper: Zheng et al 2020
10390239	KC#1219-y	15549507	Paper: Zheng et al 2020
10390526	KC#1220-y	15549507	Paper: Zheng et al 2020
10391217	KC#1221-a'b'	15549507	Paper: Zheng et al 2020
10391602	KC#1222-y	15549507	Paper: Zheng et al 2020
10391788	KC#1223-ab	15549507	Paper: Zheng et al 2020
10392713	KC#1224-ab	15549507	Paper: Zheng et al 2020
10393576	KC#1225-ab	15549507	Paper: Zheng et al 2020
10394022	KC#1226-y	15549507	Paper: Zheng et al 2020
10394076	KC#1227-y	15549507	Paper: Zheng et al 2020
10395808	KC#1228-y	15549507	Paper: Zheng et al 2020
10398055	KC#1229-ab	15549507	Paper: Zheng et al 2020
10404798	KC#1230-a'b'	15549507	Paper: Zheng et al 2020
10406771	KC#1231-a'b'	15549507	Paper: Zheng et al 2020
10407523	KC#1232-y	15549507	Paper: Zheng et al 2020
10409919	KC#1233-a'b'	15549507	Paper: Zheng et al 2020
10411031	KC#1234-y	15549507	Paper: Zheng et al 2020
10412230	KC#1235-a'b'	15549507	Paper: Zheng et al 2020
10414897	KC#1236-ab	15549507	Paper: Zheng et al 2020
10420912	KC#1237-y	15549507	Paper: Zheng et al 2020
10422783	KC#1238-ab	15549507	Paper: Zheng et al 2020
10423970	KC#1239-y	15549507	Paper: Zheng et al 2020
10423975	KC#1240-a'b'	15549507	Paper: Zheng et al 2020
10424192	KC#1241-ab	15549507	Paper: Zheng et al 2020
10424809	KC#1242-y	15549507	Paper: Zheng et al 2020
10425524	KC#1243-y	15549507	Paper: Zheng et al 2020
10426477	KC#1244-y	15549507	Paper: Zheng et al 2020
10428047	KC#1245-ab	15549507	Paper: Zheng et al 2020
10437937	KC#1246-a'b'	15549507	Paper: Zheng et al 2020
10438515	KC#1247-ab	15549507	Paper: Zheng et al 2020
10440808	KC#1248-y	15549507	Paper: Zheng et al 2020
10441695	KC#1249-ab	15549507	Paper: Zheng et al 2020
10441722	KC#1250-y	15549507	Paper: Zheng et al 2020
10442427	KC#1251-ab	15549507	Paper: Zheng et al 2020
10442958	KC#1252-y	15549507	Paper: Zheng et al 2020
10445458	KC#1253-ab	15549507	Paper: Zheng et al 2020
10446234	KC#1254-a'b'	15549507	Paper: Zheng et al 2020
10446518	KC#1255-a'b'	15549507	Paper: Zheng et al 2020
10450311	KC#1256-y	15549507	Paper: Zheng et al 2020
10451071	KC#1257-ab	15549507	Paper: Zheng et al 2020
10451966	KC#1258-y	15549507	Paper: Zheng et al 2020
10452394	KC#1259-ab	15549507	Paper: Zheng et al 2020
10454233	KC#1260-y	15549507	Paper: Zheng et al 2020
10459713	KC#1261-a'b'	15549507	Paper: Zheng et al 2020
10459871	KC#1262-y	15549507	Paper: Zheng et al 2020
10463422	KC#436-y	15549507	Paper: Zheng et al 2020
10463660	KC#1263-a'b'	15549507	Paper: Zheng et al 2020
10463734	KC#1264-y	15549507	Paper: Zheng et al 2020
10464881	KC#1265-y	15549507	Paper: Zheng et al 2020
10466118	KC#1266-a'b'	15549507	Paper: Zheng et al 2020
10466793	KC#1267-ab	15549507	Paper: Zheng et al 2020
10466990	KC#1268-a'b'	15549507	Paper: Zheng et al 2020
10467043	KC#437-ab	15549507	Paper: Zheng et al 2020
10467081	KC#1269-y	15549507	Paper: Zheng et al 2020
10468873	KC#1270-ab	15549507	Paper: Zheng et al 2020
10469929	KC#1271-a'b'	15549507	Paper: Zheng et al 2020
10473791	KC#1272-y	15549507	Paper: Zheng et al 2020
10475101	KC#1273-y	15549507	Paper: Zheng et al 2020
10476017	KC#1274-y	15549507	Paper: Zheng et al 2020
10476086	KC#1275-y	15549507	Paper: Zheng et al 2020
10483435	KC#1276-y	15549507	Paper: Zheng et al 2020
10484566	KC#1277-y	15549507	Paper: Zheng et al 2020
10496995	KC#1278-a'b'	15549507	Paper: Zheng et al 2020
10499789	KC#1279-ab	15549507	Paper: Zheng et al 2020
10502422	KC#1280-y	15549507	Paper: Zheng et al 2020
10502720	KC#1281-ab	15549507	Paper: Zheng et al 2020
10502871	KC#1282-ab	15549507	Paper: Zheng et al 2020
10505101	KC#1283-y	15549507	Paper: Zheng et al 2020
10505245	KC#1284-a'b'	15549507	Paper: Zheng et al 2020
10507015	KC#1285-ab	15549507	Paper: Zheng et al 2020
10507937	KC#1286-y	15549507	Paper: Zheng et al 2020
10520924	KC#1287-ab	15549507	Paper: Zheng et al 2020
10522353	KC#1288-y	15549507	Paper: Zheng et al 2020
10523471	KC#1289-y	15549507	Paper: Zheng et al 2020
10523694	KC#1290-a'b'	15549507	Paper: Zheng et al 2020
10523736	KC#1291-y	15549507	Paper: Zheng et al 2020
10523930	KC#1292-a'b'	15549507	Paper: Zheng et al 2020
10529787	KC#1293-a'b'	15549507	Paper: Zheng et al 2020
10529988	KC#1294-y	15549507	Paper: Zheng et al 2020
10529996	KC#1295-y	15549507	Paper: Zheng et al 2020
10535767	KC#1296-a'b'	15549507	Paper: Zheng et al 2020
10537786	KC#1297-y	15549507	Paper: Zheng et al 2020
10543495	KC#1298-ab	15549507	Paper: Zheng et al 2020
10544066	KC#1299-ab	15549507	Paper: Zheng et al 2020
10548665	KC#1300-ab	15549507	Paper: Zheng et al 2020
10553847	KC#1301-a'b'	15549507	Paper: Zheng et al 2020
10555304	KC#1302-ab	15549507	Paper: Zheng et al 2020
10555500	KC#1303-y	15549507	Paper: Zheng et al 2020
10558710	KC#1304-a'b'	15549507	Paper: Zheng et al 2020
10558882	KC#1305-ab	15549507	Paper: Zheng et al 2020
10559959	KC#1306-y	15549507	Paper: Zheng et al 2020
10560723	KC#1307-y	15549507	Paper: Zheng et al 2020
10564118	KC#1308-ab	15549507	Paper: Zheng et al 2020
10571177	KC#1309-y	15549507	Paper: Zheng et al 2020
10575745	KC#1310-y	15549507	Paper: Zheng et al 2020
10580885	KC#1311-ab	15549507	Paper: Zheng et al 2020
10581191	KC#438-y	15549507	Paper: Zheng et al 2020
10582149	KC#1312-y	15549507	Paper: Zheng et al 2020
10586365	KC#1313-y	15549507	Paper: Zheng et al 2020
10590863	KC#1314-a'b'	15549507	Paper: Zheng et al 2020
10596146	KC#1315-ab	15549507	Paper: Zheng et al 2020
10597554	KC#1316-ab	15549507	Paper: Zheng et al 2020
10598907	KC#1317-a'b'	15549507	Paper: Zheng et al 2020
10599467	KC#1318-a'b'	15549507	Paper: Zheng et al 2020
10599945	KC#1319-a'b'	15549507	Paper: Zheng et al 2020
10600109	KC#1320-y	15549507	Paper: Zheng et al 2020
10600252	KC#1321-a'b'	15549507	Paper: Zheng et al 2020
10600496	KC#1322-y	15549507	Paper: Zheng et al 2020
10601543	KC#1323-ab	15549507	Paper: Zheng et al 2020
10603863	KC#1324-a'b'	15549507	Paper: Zheng et al 2020
10604732	KC#1325-y	15549507	Paper: Zheng et al 2020
10611798	KC#1326-y	15549507	Paper: Zheng et al 2020
10615814	KC#1327-y	15549507	Paper: Zheng et al 2020
10620286	KC#1328-y	15549507	Paper: Zheng et al 2020
10621306	KC#1329-y	15549507	Paper: Zheng et al 2020
10622714	KC#1330-y	15549507	Paper: Zheng et al 2020
10624058	KC#1331-y	15549507	Paper: Zheng et al 2020
10625916	KC#1332-ab	15549507	Paper: Zheng et al 2020
10626516	KC#1333-y	15549507	Paper: Zheng et al 2020
10627169	KC#1334-y	15549507	Paper: Zheng et al 2020
10627823	KC#1335-ab	15549507	Paper: Zheng et al 2020
10627842	KC#1336-ab	15549507	Paper: Zheng et al 2020
10631149	KC#1337-a'b'	15549507	Paper: Zheng et al 2020
10631368	KC#1338-y	15549507	Paper: Zheng et al 2020
10637662	KC#1339-y	15549507	Paper: Zheng et al 2020
10638393	KC#1340-y	15549507	Paper: Zheng et al 2020
10648455	KC#1341-y	15549507	Paper: Zheng et al 2020
10648870	KC#1342-ab	15549507	Paper: Zheng et al 2020
10648956	KC#1343-y	15549507	Paper: Zheng et al 2020
10649882	KC#1344-y	15549507	Paper: Zheng et al 2020
10650626	KC#1345-y	15549507	Paper: Zheng et al 2020
10651015	KC#1346-ab	15549507	Paper: Zheng et al 2020
10651695	KC#1347-ab	15549507	Paper: Zheng et al 2020
10653213	KC#1348-ab	15549507	Paper: Zheng et al 2020
10656556	KC#1349-a'b'	15549507	Paper: Zheng et al 2020
10656972	KC#1350-ab	15549507	Paper: Zheng et al 2020
10660172	KC#1351-a'b'	15549507	Paper: Zheng et al 2020
10664222	KC#1352-ab	15549507	Paper: Zheng et al 2020
10664534	KC#1353-y	15549507	Paper: Zheng et al 2020
10664995	KC#1354-y	15549507	Paper: Zheng et al 2020
10666075	KC#1355-ab	15549507	Paper: Zheng et al 2020
10667352	KC#1356-y	15549507	Paper: Zheng et al 2020
10670856	KC#1357-ab	15549507	Paper: Zheng et al 2020
10670968	KC#1358-a'b'	15549507	Paper: Zheng et al 2020
10678445	KC#1359-ab	15549507	Paper: Zheng et al 2020
10690180	KC#1360-a'b'	15549507	Paper: Zheng et al 2020
10692087	KC#1361-ab	15549507	Paper: Zheng et al 2020
10693063	KC#1362-ab	15549507	Paper: Zheng et al 2020
10733166	KC#1363-a'b'	15549507	Paper: Zheng et al 2020
10746756	KC#439-ab	15549507	Paper: Zheng et al 2020
10776391	KC#1364-y	15549507	Paper: Zheng et al 2020
10807568	KC#1365-y	15549507	Paper: Zheng et al 2020
10818757	KC#1366-ab	15549507	Paper: Zheng et al 2020
10820761	KC#1367-y	15549507	Paper: Zheng et al 2020
10830823	KC#1368-ab	15549507	Paper: Zheng et al 2020
10834758	KC#1369-a'b'	15549507	Paper: Zheng et al 2020
10835065	KC#1370-a'b'	15549507	Paper: Zheng et al 2020
10835486	KC#1371-ab	15549507	Paper: Zheng et al 2020
10837050	KC#1372-y	15549507	Paper: Zheng et al 2020
10838449	KC#1373-a'b'	15549507	Paper: Zheng et al 2020
10845159	KC#1374-y	15549507	Paper: Zheng et al 2020
10845603	KC#1375-a'b'	15549507	Paper: Zheng et al 2020
10846402	KC#1376-a'b'	15549507	Paper: Zheng et al 2020
10846924	KC#1377-ab	15549507	Paper: Zheng et al 2020
10851177	KC#1378-ab	15549507	Paper: Zheng et al 2020
10855369	KC#1379-y	15549507	Paper: Zheng et al 2020
10856522	KC#1380-a'b'	15549507	Paper: Zheng et al 2020
10856809	KC#1381-ab	15549507	Paper: Zheng et al 2020
10857486	KC#1382-y	15549507	Paper: Zheng et al 2020
10874516	KC#1383	15549507	Paper: Zheng et al 2020
10874547	KC#1384-y	15549507	Paper: Zheng et al 2020
10880465	KC#1385-y	15549507	Paper: Zheng et al 2020
10883232	KC#1386-y	15549507	Paper: Zheng et al 2020
10883867	KC#1387-y	15549507	Paper: Zheng et al 2020
10884492	KC#1388-y	15549507	Paper: Zheng et al 2020
10885272	KC#1389-y	15549507	Paper: Zheng et al 2020
10890313	KC#1390-y	15549507	Paper: Zheng et al 2020
10890430	KC#1391-a'b'	15549507	Paper: Zheng et al 2020
10890503	KC#1392-ab	15549507	Paper: Zheng et al 2020
10893384	KC#1393-a'b'	15549507	Paper: Zheng et al 2020
10895884	KC#1394-ab	15549507	Paper: Zheng et al 2020
10896809	KC#1395-ab	15549507	Paper: Zheng et al 2020
10904255	KC#1396-a'b'	15549507	Paper: Zheng et al 2020
10904694	KC#1397-a'b'	15549507	Paper: Zheng et al 2020
10904703	KC#1398-a'b'	15549507	Paper: Zheng et al 2020
10904863	KC#1399-y	15549507	Paper: Zheng et al 2020
10905861	KC#1400-y	15549507	Paper: Zheng et al 2020
10906749	KC#1401-ab	15549507	Paper: Zheng et al 2020
10910267	KC#1402-y	15549507	Paper: Zheng et al 2020
10910733	KC#1403-a'b'	15549507	Paper: Zheng et al 2020
10911874	KC#1404-y	15549507	Paper: Zheng et al 2020
10913827	KC#1405-y	15549507	Paper: Zheng et al 2020
10914558	KC#1406-a'b'	15549507	Paper: Zheng et al 2020
10914916	KC#1407-a'b'	15549507	Paper: Zheng et al 2020
10917939	KC#1408-y	15549507	Paper: Zheng et al 2020
10919342	KC#1409-ab	15549507	Paper: Zheng et al 2020
10919742	KC#1410-y	15549507	Paper: Zheng et al 2020
10920814	KC#1411-ab	15549507	Paper: Zheng et al 2020
10924278	KC#1412-y	15549507	Paper: Zheng et al 2020
10925874	KC#1413-ab	15549507	Paper: Zheng et al 2020
10929516	KC#1414-ab	15549507	Paper: Zheng et al 2020
10929768	KC#1415-y	15549507	Paper: Zheng et al 2020
10930092	KC#1416-a'b'	15549507	Paper: Zheng et al 2020
10932210	KC#1417-ab	15549507	Paper: Zheng et al 2020
10935166	KC#1418-y	15549507	Paper: Zheng et al 2020
10936554	KC#1419-ab	15549507	Paper: Zheng et al 2020
10937711	KC#1420-y	15549507	Paper: Zheng et al 2020
10941597	KC#1421-y	15549507	Paper: Zheng et al 2020
10941785	KC#1422-a'b'	15549507	Paper: Zheng et al 2020
10941904	KC#1423-a'b'	15549507	Paper: Zheng et al 2020
10941908	KC#1424-ab	15549507	Paper: Zheng et al 2020
10941936	KC#1425-a'b'	15549507	Paper: Zheng et al 2020
10943437	KC#1426-ab	15549507	Paper: Zheng et al 2020
10945427	KC#1427-a'b'	15549507	Paper: Zheng et al 2020
10946415	KC#1428-a'b'	15549507	Paper: Zheng et al 2020
10948024	KC#1429-a'b'	15549507	Paper: Zheng et al 2020
10948062	KC#1430-y	15549507	Paper: Zheng et al 2020
10954660	KC#1431-y	15549507	Paper: Zheng et al 2020
10955890	KC#1432-ab	15549507	Paper: Zheng et al 2020
10956215	KC#1433-y	15549507	Paper: Zheng et al 2020
10956626	KC#1434-y	15549507	Paper: Zheng et al 2020
10956660	KC#1435-ab	15549507	Paper: Zheng et al 2020
10956841	KC#1436-ab	15549507	Paper: Zheng et al 2020
10958111	KC#1437-y	15549507	Paper: Zheng et al 2020
10965963	KC#1438-a'b'	15549507	Paper: Zheng et al 2020
10966319	KC#1439-y	15549507	Paper: Zheng et al 2020
10966666	KC#1440-y	15549507	Paper: Zheng et al 2020
10970174	KC#1441-ab	15549507	Paper: Zheng et al 2020
10971031	KC#1442-ab	15549507	Paper: Zheng et al 2020
10981012	KC#1443-ab	15549507	Paper: Zheng et al 2020
10981186	KC#1444-y	15549507	Paper: Zheng et al 2020
10981255	KC#1445-ab	15549507	Paper: Zheng et al 2020
10981304	KC#1446-a'b'	15549507	Paper: Zheng et al 2020
10981608	KC#1447-a'b'	15549507	Paper: Zheng et al 2020
10982200	KC#1448-a'b'	15549507	Paper: Zheng et al 2020
10982540	KC#1449-ab	15549507	Paper: Zheng et al 2020
10983548	KC#1450-y	15549507	Paper: Zheng et al 2020
10983945	KC#1451-y	15549507	Paper: Zheng et al 2020
10984384	KC#1452-y	15549507	Paper: Zheng et al 2020
10986053	KC#1453-y	15549507	Paper: Zheng et al 2020
10988649	KC#1454-y	15549507	Paper: Zheng et al 2020
10988802	KC#1455-ab	15549507	Paper: Zheng et al 2020
10989256	KC#1456-y	15549507	Paper: Zheng et al 2020
10993093	KC#1457-ab	15549507	Paper: Zheng et al 2020
10993793	KC#1458-y	15549507	Paper: Zheng et al 2020
10994511	KC#1459-ab	15549507	Paper: Zheng et al 2020
10997121	KC#1460-a'b'	15549507	Paper: Zheng et al 2020
11002514	KC#1461-y	15549507	Paper: Zheng et al 2020
11002558	KC#1462-ab	15549507	Paper: Zheng et al 2020
11002646	KC#1463-a'b'	15549507	Paper: Zheng et al 2020
11003486	KC#1464-y	15549507	Paper: Zheng et al 2020
11006266	KC#1465-a'b'	15549507	Paper: Zheng et al 2020
11006572	KC#1466-y	15549507	Paper: Zheng et al 2020
11006887	KC#1467-ab	15549507	Paper: Zheng et al 2020
11007068	KC#1468-ab	15549507	Paper: Zheng et al 2020
11007307	KC#1469-y	15549507	Paper: Zheng et al 2020
11008876	KC#1470-ab	15549507	Paper: Zheng et al 2020
11010263	KC#1471-y	15549507	Paper: Zheng et al 2020
11010368	KC#1472-y	15549507	Paper: Zheng et al 2020
11010480	KC#1473-y	15549507	Paper: Zheng et al 2020
11010591	KC#1474-a'b'	15549507	Paper: Zheng et al 2020
11010664	KC#1475-y	15549507	Paper: Zheng et al 2020
11010756	KC#1476-a'b'	15549507	Paper: Zheng et al 2020
11010864	KC#1477-y	15549507	Paper: Zheng et al 2020
11011021	KC#1478-a'b'	15549507	Paper: Zheng et al 2020
11013046	KC#1479-a'b'	15549507	Paper: Zheng et al 2020
11016629	KC#1480-ab	15549507	Paper: Zheng et al 2020
11016636	KC#1481-ab	15549507	Paper: Zheng et al 2020
11016690	KC#1482-ab	15549507	Paper: Zheng et al 2020
11017377	KC#1483-ab	15549507	Paper: Zheng et al 2020
11024674	KC#1484-y	15549507	Paper: Zheng et al 2020
11025723	KC#1485-y	15549507	Paper: Zheng et al 2020
11031256	KC#1486-ab	15549507	Paper: Zheng et al 2020
11031840	KC#1487-ab	15549507	Paper: Zheng et al 2020
11032055	KC#1488-a'b'	15549507	Paper: Zheng et al 2020
11032165	KC#1489-y	15549507	Paper: Zheng et al 2020
11032333	KC#1490-y	15549507	Paper: Zheng et al 2020
11032524	KC#1491-y	15549507	Paper: Zheng et al 2020
11032626	KC#1492-a'b'	15549507	Paper: Zheng et al 2020
11061819	KC#1493-y	15549507	Paper: Zheng et al 2020
11064800	KC#1494-y	15549507	Paper: Zheng et al 2020
11064994	KC#1495-a'b'	15549507	Paper: Zheng et al 2020
11069337	KC#1496-y	15549507	Paper: Zheng et al 2020
11069575	KC#1497-ab	15549507	Paper: Zheng et al 2020
11071027	KC#1498-a'b'	15549507	Paper: Zheng et al 2020
11071291	KC#1499-a'b'	15549507	Paper: Zheng et al 2020
11071462	KC#1500-y	15549507	Paper: Zheng et al 2020
11071922	KC#1501-ab	15549507	Paper: Zheng et al 2020
11076191	KC#1502-y	15549507	Paper: Zheng et al 2020
11081134	KC#1503-y	15549507	Paper: Zheng et al 2020
11082821	KC#1504-y	15549507	Paper: Zheng et al 2020
11523565	KC#1505-a'b'	15549507	Paper: Zheng et al 2020
11543538	KC#1506-y	15549507	Paper: Zheng et al 2020
