skid	name	paper_id	paper_name	synonyms	FBbt_ID
14003783	Uniglomerular mALT VP5 + SEZ adPN#R1	11490509	Paper: Zheng et al 2018	Uniglomerular mALT VP5 + SEZ adPN 57472 LK ECM	
23134	Uniglomerular mALT VC3l adPN#R3	11490509	Paper: Zheng et al 2018	Uniglomerular mALT VC3l adPN 23135 BH	
41578	Uniglomerular mALT VC3l adPN#R2	11490509	Paper: Zheng et al 2018	Uniglomerular mALT VC3l adPN 41579 AJ	
46800	Uniglomerular mALT VC3l adPN#R1	11490509	Paper: Zheng et al 2018	Uniglomerular mALT VC3l adPN 46801 JMR	
57003	Uniglomerular mALT VM4 lvPN#R1	11490509	Paper: Zheng et al 2018	Uniglomerular mALT VM4 lvPN 57004 ML	
1549518	contralateral MB-CP2 1549519 SAC	11490509	Paper: Zheng et al 2018	contralateral MB-CP2 1549519 SAC	
57516	Uniglomerular mALT VP2 adPN#R1	11490509	Paper: Zheng et al 2018	Uniglomerular mALT VP2 adPN 57517 LK ECM	
73937	Uniglomerular mALT VL1 ilPN bilateral#L1	11490509	Paper: Zheng et al 2018	Uniglomerular mALT VL1 ilPN bilateral 73938 LK	
1530770	MB-CP2 SCL fragment 68908	11490509	Paper: Zheng et al 2018	MB-CP2 SCL fragment 68908	
57499	Uniglomerular mALT VL1 ilPN bilateral#R1	11490509	Paper: Zheng et al 2018	Uniglomerular mALT VL1 ilPN bilateral 57500 ML	
4214681	PV6r1#1	15579831	Paper: Marin et al 2020	PV6r1#1 4214682 ECM Ygritte clan	
4712132	VP1mRNr#2	15579831	Paper: Marin et al 2020	VP1m HRN 4712133 ECM	
4672650	Uniglomerular t10-lALT VP5 l2PN#R1	15579831	Paper: Marin et al 2020	Uniglomerular t10-lALT VP5 l2PN 4672651 ZM ECM	
4671556	Biglomerular t10-lALT VP5 + VP3 l2PN#R1	15579831	Paper: Marin et al 2020	Biglomerular t10-lALT VP3 + VP5 l2PN 4671557 ZM ECM	
4632023	Multiglomerular mlALT vPN#R53	15579831	Paper: Marin et al 2020	Multiglomerular mlALT vPN VP1d+VP1m+VP1l LTS 0.96 4632024 PS	
4564481	VP1mRNr#1	15579831	Paper: Marin et al 2020	VP1m HRN 4564482 ECM	
4495405	VP2+SEZ lvPN2_L	15579831	Paper: Marin et al 2020	VP2 + SEZ lvPN mALT left 4495406 XZ	
4404808	VP1lRNr#1	15579831	Paper: Marin et al 2020	VP1l HRN 4404809 ECM	
4294123	PD5g1#2	15579831	Paper: Marin et al 2020	PD5g1#2 4294124 KEC ECM Gilly	
4195469	Multiglomerular lALT l2PN#R4	15579831	Paper: Marin et al 2020	Multiglomerular lALT l2PN VP1m+VM7d+VM7v+9 LTS 0.87 4195470 RJVR	
4044728	LHPV4h1#1	15579831	Paper: Marin et al 2020	LHPV4h1#1 4044729 jafar SD	
4182148	PV6r1#3	15579831	Paper: Marin et al 2020	PV6r1#3 4182149 ECM Ygritte clan	
4177248	VP1l+ lvPN1#1_L	15579831	Paper: Marin et al 2020	VP1l+ lvPN mALT left 4177249 XZ	
4058666	Multiglomerular t2-mALT lvPN#R1	15579831	Paper: Marin et al 2020	Multiglomerular t2-mALT lvPN VP1m+VP5+VP1l+1 LTS 0.96 4058667 ECM	
4724830	VC5+ lvPN1#1*_L	15579831	Paper: Marin et al 2020	Uniglomerular mALT VC5 lvPN 4724831 RJVR XZ	
4002166	Multiglomerular t9-lALT lv2PN#R1	15579831	Paper: Marin et al 2020	Multiglomerular t9-lALT lv2PN VP2+VC2+VP1m+4 LTS 0.94 4002167 PDP	
3908507	Multiglomerular lALT l2PN#R3	15579831	Paper: Marin et al 2020	Multiglomerular lALT l2PN VP4+VP1l+VL2p LTS 0.97 3908508 RJVR ECM	
3813447	Multiglomerular mlALT vPN#R54	15579831	Paper: Marin et al 2020	Multiglomerular mlALT vPN VP1d+VP1m+VP1l+4 LTS 0.94 3813448 RJVR	
3813442	Multiglomerular mlALT vPN#R55	15579831	Paper: Marin et al 2020	Multiglomerular mlALT vPN VP1d+VP1m+VP1l+3 LTS 0.93 3813443 RJVR	
3813438	Multiglomerular mlALT vPN#R57	15579831	Paper: Marin et al 2020	Multiglomerular mlALT vPN VP1l+VP1d+VM1+2 LTS 0.95 3813439 ECM	
4182361	PV6r1#2	15579831	Paper: Marin et al 2020	PV6r1#2 4182362 MT Ygritte clan	
4865044	VP3RNar#1	15579831	Paper: Marin et al 2020	VP3 TRN 4865045 ECM	
5062598	LHPV6k2#1	15579831	Paper: Marin et al 2020	LHPV6k2#1 5062599 MEB RJVR Vulcano 	
4876532	Biglomerular t10-lALT VP5 + VP2 l2PN#R1	15579831	Paper: Marin et al 2020	Biglomerular t10-lALT VP5 + VP2 l2PN 4876533 RJVR	
6292134	SLP364#2	15579831	Paper: Marin et al 2020	SLP364#2 6292135 ECM Davos crew	
5982276	LHPD5a1#1	15579831	Paper: Marin et al 2020	LHPD5a1#1 5982277 ECM LB Sam Tarly	
5946848	Biglomerular t10-lALT VP5 + VP2 l2PN#R2	15579831	Paper: Marin et al 2020	Biglomerular t10-lALT VP5 + VP2 l2PN 5946849 ECM	
5946637	VP3++ l2PN_L	15579831	Paper: Marin et al 2020	VP3++ l2PN t10-lALT left 5946638 ECM	
5824712	LHPV6f1#3	15579831	Paper: Marin et al 2020	LHPV6f1#3 5824713 LB Ygritte clan	
5816884	KCg-s2R	15579831	Paper: Marin et al 2020	LAC KCy-s2#1 5816885 ECM	
5714879	VP1dRNr#5	15579831	Paper: Marin et al 2020	VP1d HRN 5714880 RJVR ECM	
5700449	VP1mRNr#5	15579831	Paper: Marin et al 2020	VP1m HRN 5700450 RJVR ECM	
5672990	Uniglomerular lALT VP2 l2PN#R1	15579831	Paper: Marin et al 2020	Uniglomerular lALT VP2 l2PN 5672991 ECM	
5643689	VP1d+VP1l vPN_L	15579831	Paper: Marin et al 2020	VP1d + VP1l 5643689 vPN mlALT left ECM	
5582907	VC5++ l2PN2_L	15579831	Paper: Marin et al 2020	VC5++ l2PN t10-lALT bilateral left 5582908 RJVR	
5501963	VP1dRNr#4	15579831	Paper: Marin et al 2020	VP1d HRN 5501964 RJVR	
5471515	Uniglomerular t5-mlALT VP3 vPN#R1	15579831	Paper: Marin et al 2020	Uniglomerular t5-mlALT VP3 vPN 562645 GSXEJ	
5434675	VP1mRNr#4	15579831	Paper: Marin et al 2020	VP1m HRN 5434676 ECM	
5370537	VP1dRNr#3	15579831	Paper: Marin et al 2020	VP1d HRN 5370538 ECM	
5172413	VP1lRNr#3	15579831	Paper: Marin et al 2020	VP1l HRN 5172414 ECM	
5140342	VP1lRNr#2	15579831	Paper: Marin et al 2020	VP1l HRN 5140343 ECM	
5122761	VC5++ l2PN1#1*_L	15579831	Paper: Marin et al 2020	VC5++ l2PN t3-mALT left 5122762 ECM	
3813424	Multiglomerular mlALT vPN#R56	15579831	Paper: Marin et al 2020	Multiglomerular mlALT vPN VP1m+VP1l+VP5+2 LTS 0.97 3813425 RJVR	
4954519	Multiglomerular mlALT vPN#R58	15579831	Paper: Marin et al 2020	Multiglomerular mlALT vPN VP1m+VC1+DC2+5 LTS 0.9 4954520 SD ECM	
4889524	VP1mRNr#3	15579831	Paper: Marin et al 2020	VP1m HRN 4889525 ECM	
4869882	Uniglomerular t10-lALT VP3+ l2PN bilateral#R2	15579831	Paper: Marin et al 2020	Uniglomerular t10-lALT VP3+ l2PN bilateral 4869883 ECM	
3742499	Uniglomerular mALT VP1l lvPN bilateral#R1	15579831	Paper: Marin et al 2020	Uniglomerular mALT VP1l lvPN bilateral 3742500	
2600341	Multiglomerular lALT l2PN bilateral#R2	15579831	Paper: Marin et al 2020	Multiglomerular lALT l2PN VP2+VC5+VM1 LTS 0.97 bilateral 2600342 RJVR ECM	
3420237	Uniglomerular mALT VC5 adPN#L1	15579831	Paper: Marin et al 2020	Uniglomerular mALT VC5 adPN 3420238 RJVR	
57200	Uniglomerular mALT VP1l+ lvPN#R2	15579831	Paper: Marin et al 2020	Uniglomerular mALT VP1l+ lvPN 57201 NS ECM	
57175	Multiglomerular mALT lvPN#R19	15579831	Paper: Marin et al 2020	Multiglomerular mALT lvPN VC5+VM1+VM4+2 LTS 0.96 57176 IJA ECM	
57166	Uniglomerular mALT VP2 + SEZ lvPN#R2	15579831	Paper: Marin et al 2020	Uniglomerular mALT VP2 + SEZ lvPN 57167 LK	
57146	Uniglomerular mALT VP2 + SEZ lvPN#R1	15579831	Paper: Marin et al 2020	Uniglomerular mALT VP2 + SEZ lvPN 57147 HG SAC	
57142	Multiglomerular mALT lvPN#R26	15579831	Paper: Marin et al 2020	Multiglomerular mALT lvPN VP5+VP2+VP1m+1 LTS 0.95 57143 GA ECM	
57138	Multiglomerular mALT lvPN#R20	15579831	Paper: Marin et al 2020	Multiglomerular mALT lvPN VP5+VP2+VP1m LTS 0.96 57139 IJA ECM	
57134	Multiglomerular mALT lvPN#R21	15579831	Paper: Marin et al 2020	Multiglomerular mALT lvPN VP2+VP5+DC4+2 LTS 0.96 57135 GA	
57130	Uniglomerular mALT VC5+ lvPN bilateral#R2	15579831	Paper: Marin et al 2020	Uniglomerular mALT VC5+ lvPN bilateral 57131 LK	
57126	Multiglomerular mALT lvPN#R25	15579831	Paper: Marin et al 2020	Multiglomerular mALT lvPN VP2+D+DA2+6 LTS 0.88 57127 LK	
57224	Uniglomerular mALT VP1l+ lvPN#R1	15579831	Paper: Marin et al 2020	Uniglomerular mALT VP1l+ lvPN 57225 ML	
57122	Multiglomerular mALT lvPN#R27	15579831	Paper: Marin et al 2020	Multiglomerular mALT lvPN VP1m+VP2+VP5+1 LTS 0.95 57123 GA ECM	
57110	LHAV8a1#1	15579831	Paper: Marin et al 2020	LHAV8a1#1 57111 Peptidergic Beluga SM ND	
57063	Uniglomerular mALT VP2 + SEZ lvPN#R3	15579831	Paper: Marin et al 2020	Uniglomerular mALT VP2 + SEZ lvPN 57064 ML ECM	
57059	Multiglomerular mALT lvPN#R29	15579831	Paper: Marin et al 2020	Biglomerular mALT VP1m + VP2 lvPN 57060 ML ECM	
57051	Multiglomerular mALT lvPN#R22	15579831	Paper: Marin et al 2020	Multiglomerular mALT lvPN VP2+VP5+VC5 LTS 0.97 57052 LK	
57015	Multiglomerular mALT lvPN#R18	15579831	Paper: Marin et al 2020	Multiglomerular mALT lvPN VC5+VM4+VM1+2 LTS 0.95 57016 IJA	
56999	Uniglomerular mALT VP1l+ lvPN#R3	15579831	Paper: Marin et al 2020	Uniglomerular mALT VP1l+ lvPN 57000 IJA NM ECM	
32793	Multiglomerular mALT l2PN#R2	15579831	Paper: Marin et al 2020	Multiglomerular mALT l2PN VM1+VP2+VP3+23 LTS 0.58 Flywalkies 32794 JMR	
8798	KCg-s1R	15579831	Paper: Marin et al 2020	KCy-s1 8799 IJA	
3078	VP1m l2PN_L	15579831	Paper: Marin et al 2020	VP1m lALT l2PN left 3079 DB ECM	
57114	Multiglomerular mALT lvPN#R28	15579831	Paper: Marin et al 2020	Multiglomerular mALT lvPN VP2+VP5+VP1m LTS 0.97 57115 HG ECM	
57236	Uniglomerular mALT VC5+ lvPN bilateral#R1	15579831	Paper: Marin et al 2020	Uniglomerular mALT VC5+ lvPN bilateral 57237 LK ECM	
57430	Multiglomerular mALT lPN bilateral#R3	15579831	Paper: Marin et al 2020	Multiglomerular mALT lPN VP2+VL1+VP3+2 LTS 0.94 bilateral 57431 IJA ECM	
57434	Multiglomerular mALT lPN bilateral#R2	15579831	Paper: Marin et al 2020	Multiglomerular mALT lPN VP2+VP5+VP3+4 LTS 0.92 bilateral 57435 LK	
2856545	VP1dRNr#2	15579831	Paper: Marin et al 2020	VP1d HRN 2856546 NM RJVR ECM	
2851031	VP1dRNr#1	15579831	Paper: Marin et al 2020	VP1d HRN 2851032 SAC ECM	
6292328	SLP364#1	15579831	Paper: Marin et al 2020	SLP364#1 6292329 ECM Davos crew	
2484510	Uniglomerular mlALT VP4 vPN bilateral#R1	15579831	Paper: Marin et al 2020	Uniglomerular mlALT VP4 vPN bilateral 2484511 ECM JH	
2315173	LHAV3q1#1	15579831	Paper: Marin et al 2020	LHAV3q1#1 2315174 JH ECM Benji Stark	
1712057	Uniglomerular mALT VP2+ adPN#R1	15579831	Paper: Marin et al 2020	Uniglomerular mALT VP2+ adPN 1712058 ECM	
1664544	Multiglomerular t3-mALT l2PN bilateral#R1	15579831	Paper: Marin et al 2020	Multiglomerular t3-mALT l2PN VL1+VP5+VP2+2 LTS 0.95 bilateral 1664545 RJVR ECM	
1372988	Multiglomerular mALT lvPN#R23	15579831	Paper: Marin et al 2020	Multiglomerular mALT lvPN VP5+VP2+VP3+2 LTS 0.94 1372989 ARH	
1363077	Multiglomerular t3-mALT l2PN#R1	15579831	Paper: Marin et al 2020	Multiglomerular t3-mALT l2PN VC5+VC3m+VM1+9 LTS 0.89 1363078 ARH	
1309241	AV3r1#2	15579831	Paper: Marin et al 2020	AV3r1#2 1309242 RJVR ECM Rhaegar	
1091854	LHPV4c4#1	15579831	Paper: Marin et al 2020	LHPV4c4#1 1091855 FML Teatable	
989621	VP3RNbr#1	15579831	Paper: Marin et al 2020	VP3 TRN 989622 SC ECM	
561909	VP3RNbl#1	15579831	Paper: Marin et al 2020	left VP3 TRN 561910 ECM	
192430	Multiglomerular t2-mALT lvPN#R2	15579831	Paper: Marin et al 2020	Multiglomerular t2-mALT lvPN VP1m+VP5+VP1l LTS 0.97 192431 SMM ECM	
182684	Multiglomerular mALT lPN#R1	15579831	Paper: Marin et al 2020	Multiglomerular mALT lPN VP1d+DC4+VC1+5 LTS 0.93 182685 AES	
57516	Uniglomerular mALT VP2 adPN#R1	15579831	Paper: Marin et al 2020	Uniglomerular mALT VP2 adPN 57517 LK ECM	
57495	Biglomerular mALT VP1l + VP3 ilPN bilateral#R1	15579831	Paper: Marin et al 2020	Biglomerular mALT VP1l + VP3 ilPN bilateral 57496 LK ECM	
57487	Biglomerular mALT VP1l + VP3 ilPN bilateral#L1	15579831	Paper: Marin et al 2020	Biglomerular mALT VP1l + VP3 ilPN bilateral 57488 ML ECM	
57475	Multiglomerular mALT smPN bilateral#L1	15579831	Paper: Marin et al 2020	Multiglomerular mALT smPN VP3+VP5+VP2 LTS 0.97 bilateral 57476 IJA	
57446	Multiglomerular mALT lPN#R3	15579831	Paper: Marin et al 2020	Multiglomerular mALT lPN VP1d+VC1+VM7v+10 LTS 0.85 57447 NS NM 	
57442	Multiglomerular mALT lPN#R7	15579831	Paper: Marin et al 2020	Multiglomerular mALT lPN VP1l+DC4+DL5+8 LTS 0.86 57443 IJA	
3648956	Multiglomerular mALT lPN bilateral#R1	15579831	Paper: Marin et al 2020	Multiglomerular mALT lPN VP3+VP2+VL1+1 LTS 0.95 bilateral 57439 NS	
6852116	AV3r1#1	15579831	Paper: Marin et al 2020	AV3r1#1 6852117 ECM Jon Snow 	
7423431	VP2+SEZ lvPN1#1_L	15579831	Paper: Marin et al 2020	VP2 + SEZ lvPN mALT left 7423432 XZ	
7385775	VP3RNar#2	15579831	Paper: Marin et al 2020	VP3 TRN 7385776 ECM	
12734515	VP1mRNl#2	15579831	Paper: Marin et al 2020	left VP1m HRN 12734516 ECM	
12702677	VP1dRNl#7	15579831	Paper: Marin et al 2020	left VP1d HRN 12702678 ECM	
12702477	VP1dRNl#2	15579831	Paper: Marin et al 2020	left VP1d HRN 12702478 ECM	
12681995	VP1m+VP2 lvPN1#2_L	15579831	Paper: Marin et al 2020	VP1m + VP2 lvPN mALT left 12681996 XZ	
12242212	VP1dRNr#9	15579831	Paper: Marin et al 2020	VP1d HRN 12242213 ECM	
12234527	VP1dRNr#8	15579831	Paper: Marin et al 2020	VP1d HRN 12234528 ECM	
12232904	VP1lRNr#6	15579831	Paper: Marin et al 2020	VP1l HRN 12232905 ECM	
12229707	VP1mRNr#6	15579831	Paper: Marin et al 2020	VP1m HRN 12229708 ECM	
11648695	VP1lRNr#5	15579831	Paper: Marin et al 2020	VP1l HRN 11648696 ECM	
11546775	Multiglomerular t6-mALT smPN#R1	15579831	Paper: Marin et al 2020	Multiglomerular t6-mALT smPN VP1m+DC2+VP2+17 LTS 0.8 bilateral Punishment King 1402861 MEB RJVR	
11545803	LHAV3f1#1	15579831	Paper: Marin et al 2020	LHAV3f1#1 11545804 RJVR Ouroboros	
11543519	LHAV2d1#1	15579831	Paper: Marin et al 2020	LHAV2d1#1 11543520 GSXEJ RJVR Joffrey	
11524452	DN1-l	15579831	Paper: Marin et al 2020	DN1-l 11524453 ECM Katy Perry 	
11524119	Uniglomerular lALT VP1m l2PN#R1	15579831	Paper: Marin et al 2020	Uniglomerular lALT VP1m l2PN 65701 AJ ECM	
11234968	Uniglomerular t10-lALT VP3+l2PN#R1	15579831	Paper: Marin et al 2020	Uniglomerular t10-lALT VP3+ l2PN 11234969 PS	
11220858	VP1dRNr#7	15579831	Paper: Marin et al 2020	VP1d HRN 11220859 PS	
11219809	VP1dRNr#6	15579831	Paper: Marin et al 2020	VP1d HRN 11219810 PS	
11210831	PD5g1#1	15579831	Paper: Marin et al 2020	PD5g1#1 11210832 PMJ ECM Eyrie	
11128057	PV6r1#4	15579831	Paper: Marin et al 2020	PV6r1#4 11128058 LB Ygritte clan	
11052217	VP2+VP5 lvPN#1_L	15579831	Paper: Marin et al 2020	VP2 + VP5 lvPN mALT left 11052218 XZ	
7017522	Multiglomerular t10-lALT l2PN#R1	15579831	Paper: Marin et al 2020	Multiglomerular t10-lALT l2PN VP3+VP5+VP2 LTS 0.97 7017523 ECM	
12766362	VP1mRNl#4	15579831	Paper: Marin et al 2020	left VP1m HRN 12766363 ECM	
10078400	Multiglomerular mALT l2PN#R5	15579831	Paper: Marin et al 2020	Multiglomerular mALT l2PN VP5+VP3+VP1l+3 LTS 0.93 10078401 FML ASB ECM	
12766859	VP1mRNl#6	15579831	Paper: Marin et al 2020	left VP1m HRN 12766860 ECM	
12780133	VP1dRNl#5	15579831	Paper: Marin et al 2020	left VP1d HRN 12780134 ECM	
15423548	LHPD5a1#1_L	15579831	Paper: Marin et al 2020	LHPD5a1#1 8865548 ECM LB Sam Tarly left	
14005954	VP1m++ l2PN*_L	15579831	Paper: Marin et al 2020	Multiglomerular l2PN lALT left 13138091 JT	
14003783	Uniglomerular mALT VP5 + SEZ adPN#R1	15579831	Paper: Marin et al 2020	Uniglomerular mALT VP5 + SEZ adPN 57472 LK ECM	
13950267	VC5++ l2PN1#2*_L	15579831	Paper: Marin et al 2020	VC5++ l2PN t3-mALT left 13950268 ECM	
13931917	VP1m+VP2 lvPN1#3_L	15579831	Paper: Marin et al 2020	VP1m + VP2 lvPN mALT left 9053522 XZ	
13635531	VP1mRNl#5	15579831	Paper: Marin et al 2020	left VP1m HRN 13635532 ECM	
13613023	VP1mRNl#7	15579831	Paper: Marin et al 2020	left VP1m HRN 13613024 ECM	
13604008	VP1mRNl#3	15579831	Paper: Marin et al 2020	left VP1m HRN 13604009 ECM	
13599982	VP1dRNl#3	15579831	Paper: Marin et al 2020	left VP1d HRN 2414861956 ECM	
13599881	VP1lRNl#5	15579831	Paper: Marin et al 2020	left VP1l HRN 13599882 ECM	
13599868	VP1lRNl#4	15579831	Paper: Marin et al 2020	left VP1l HRN 13599869 ECM	
13599618	VP1lRNl#3	15579831	Paper: Marin et al 2020	left VP1l HRN 13599619 ECM	
13492671	VP1l+ lvPN1#3_L	15579831	Paper: Marin et al 2020	VP1l+ lvPN mALT left 13492672 XZ	
13272972	VP1m+VP1d vPN_L	15579831	Paper: Marin et al 2020	VP1m + VP1d mlALT vPN 13272972  left	
13159741	VP3+ l2PN2#1_L	15579831	Paper: Marin et al 2020	VP3+ l2PN t10-lALT bilateral left 13159742 ECM	
13159728	VP3+ l2PN1#1_L	15579831	Paper: Marin et al 2020	VP3+ l2PN t10-lALT left 13159729 ECM	
13159715	VP3+ l2PN1#2_L	15579831	Paper: Marin et al 2020	VP3+ l2PN t10-lALT left 13159716 ECM	
13154015	VP2 l2PN_L	15579831	Paper: Marin et al 2020	VP2 l2PN lALT left 13154016 CK	
13053419	VP5 l2PN_L	15579831	Paper: Marin et al 2020	VP5 l2PN t10-lALT left 13053420 ECM	
12805737	VP4+ vPN_L	15579831	Paper: Marin et al 2020	VP4+ vPN mlALT bilateral left 12805738 AJ	
12782012	VP1dRNl#6	15579831	Paper: Marin et al 2020	left VP1d HRN 12782013 ECM	
12776427	VP1mRNl#1	15579831	Paper: Marin et al 2020	left VP1m HRN 12776428 ECM	
9951834	PD5g1#3	15579831	Paper: Marin et al 2020	PD5g1#3 9951835 ECM Randyll	
10515783	VP2+VC5 l2PN_L	15579831	Paper: Marin et al 2020	VP2 + VC5 l2PN lALT bilateral left 10515784 ECM	
9717951	VP1m++ smPN*_L	15579831	Paper: Marin et al 2020	Multiglomerular t6-mALT smPN left Punishment King 9717952 RJVR	
9740174	VP1d+VP4 l2PN2_L	15579831	Paper: Marin et al 2020	VP1d + VP4 l2PN lALT left 9740175 RJVR	
8873592	LHAV3q1#1_L	15579831	Paper: Marin et al 2020	LHAV3q1#1 8873593 ECM Benji Stark left	
8872558	LHPV4c#4_L	15579831	Paper: Marin et al 2020	LHPV4c_L#4 8872559 ECM left	
8870514	PV6r1#2_L	15579831	Paper: Marin et al 2020	PV6r1_L#2 8870515 ECM Ygritte clan left	
8867765	PV6r1#1_L	15579831	Paper: Marin et al 2020	PV6r1_L#1 8867766 MT Ygritte clan left	
8864990	VP2+ adPN_L	15579831	Paper: Marin et al 2020	VP2+ adPN mALT 8864991 left ECM	
8854268	LHPV4c#3_L	15579831	Paper: Marin et al 2020	LHPV4c_L#3 8854269 MT left	
8853753	LHPV4c#1_L	15579831	Paper: Marin et al 2020	LHPV4c_L#1 8853754 ECM MT left	
8853436	KCg-s2L	15579831	Paper: Marin et al 2020	LAC KCy-s2 8853437 MT left	
8876600	DN1-l_L	15579831	Paper: Marin et al 2020	DN1-l 8876601 ECM Katy Perry left	
8825246	Multiglomerular t3-mALT l2PN#R2	15579831	Paper: Marin et al 2020	Multiglomerular t3-mALT l2PN VC5+VM1+VP2+4 LTS 0.92 8825247 RJVR ARH	
8808525	LHPV6f1#2	15579831	Paper: Marin et al 2020	LHPV6f1#2 8808526 ECM Ygritte clan	
8715672	Multiglomerular t2-mALT ilPN#R1	15579831	Paper: Marin et al 2020	Multiglomerular t2-mALT ilPN DA2+DL4+DA4l+19 LTS 0.69 bilateral 8715673 ECM	
8665620	VP1lRNr#4	15579831	Paper: Marin et al 2020	VP1l HRN 8665621 ECM	
8406430	Multiglomerular t10-mALT l2PN#R1	15579831	Paper: Marin et al 2020	Multiglomerular t10-lALT l2PN VC5+VP5+VP2+2 LTS 0.94 8406431 JSP	
7910760	VP1lRNl#7	15579831	Paper: Marin et al 2020	left VP1l HRN 7910761 ECM	
7910699	VP1lRNl#6	15579831	Paper: Marin et al 2020	left VP1l HRN 7910700 ECM	
7837487	VP1lRNl#1	15579831	Paper: Marin et al 2020	left VP1l HRN 7837488 ECM	
7463926	VP1l+ lvPN1#2_L	15579831	Paper: Marin et al 2020	VP1l+ lvPN mALT left 7463927 XZ	
7427360	VP3RNar#3	15579831	Paper: Marin et al 2020	VP3 TRN 7427361 ECM	
8820702	PD5g1#4	15579831	Paper: Marin et al 2020	PD5g1#4 8820703 ECM Aemon	
8877293	PV6r1#4_L	15579831	Paper: Marin et al 2020	PV6r1_L#4 8877294 Ygritte clan left	
8875932	PD5g1#2_L	15579831	Paper: Marin et al 2020	PD5g1_L#2 8875933 ECM Gilly left	
8880705	PV7c1#1	15579831	Paper: Marin et al 2020	PV7c1#1 8880706 Baratheon MT ECM	
9716626	VP1d+VP4 l2PN1_L	15579831	Paper: Marin et al 2020	VP1d + VP4 l2PN lALT bilateral 9716627 RJVR left	
9711486	LHAV3f1#1_L	15579831	Paper: Marin et al 2020	LHAV3f1#1 Ouroboros left 9711487 RJVR	
9704839	VP5+VP3 l2PN_L	15579831	Paper: Marin et al 2020	VP3 + VP5 l2PN t10-lALT left 9704840 ECM	
9610210	VP1dRNl#1	15579831	Paper: Marin et al 2020	left VP1d HRN 9610211 ECM	
9590169	VP1m+VP2 lvPN2_L	15579831	Paper: Marin et al 2020	VP1m+ lvPN t2-mALT left 9590170 ECM	
9588978	VP1m+ lvPN_L	15579831	Paper: Marin et al 2020	VP1m+ PN t2ALT left 9588979 RJVR 	
9588361	VP3RNal#2	15579831	Paper: Marin et al 2020	left VP3 TRN 9588362 RJVR	
8880131	PD5g1#3_L	15579831	Paper: Marin et al 2020	PD5g1_L#3 8880132 ECM Tarly family left	
9573225	VP3RNal#3	15579831	Paper: Marin et al 2020	left VP3 TRN 9573226 RJVR	
9573214	VP3RNal#4	15579831	Paper: Marin et al 2020	left VP3 TRN 9573215 RJVR	
9586382	VP1dRNl#4	15579831	Paper: Marin et al 2020	left VP1d HRN 9586383 RJVR ECM	
9159383	AV3r1#2_L	15579831	Paper: Marin et al 2020	AV3r1#2 9159384 MT Rhaegar left	
8880798	LHPV4c#5_L	15579831	Paper: Marin et al 2020	LHPV4c_L#5 8880799 MT left	
9573191	VP3RNal#1	15579831	Paper: Marin et al 2020	left VP3 TRN 9573192 RJVR	
8883836	PD5g1#1_L	15579831	Paper: Marin et al 2020	PD5g1_L#1 8883837 ECM Eyrie left	
8896969	PV6r1#3_L	15579831	Paper: Marin et al 2020	PV6r1_L#3 8896970 MT Ygritte clan left	
8883804	LHPV4c#2_L	15579831	Paper: Marin et al 2020	LHPV4c_L#2 8883805 MT left	
9027601	VP1lRNl#2	15579831	Paper: Marin et al 2020	left VP1l HRN 9027602 ECM	
9039579	VP4 vPN_L	15579831	Paper: Marin et al 2020	VP4 vPN t5-mlALT left 9039580 ECM	
9069835	LHPV6h1#1	15579831	Paper: Marin et al 2020	LHPV6h1#1 9069836 Gannet ASB ECM	
9101937	VP1m+VP2 lvPN1#1_L	15579831	Paper: Marin et al 2020	VP1m + VP2 lvPN mALT left 9101938 XZ	
9018826	AV3r1#1_L	15579831	Paper: Marin et al 2020	AV3r1#1 9018827 ECM Jon Snow left	
13272860	Uniglomerular mlALT DP1m vPN#L2	15754279	Paper: Bates and Schlegel et al 2020	Uniglomerular mlALT DP1m vPN 13272861 XZ	
15738898	LHAV4a3#1	15754279	Paper: Bates and Schlegel et al 2020	LHAV4a3#1 15738899 Chicken ASB	
14003783	Uniglomerular mALT VP5 + SEZ adPN#R1	15754279	Paper: Bates and Schlegel et al 2020	Uniglomerular mALT VP5 + SEZ adPN 57472 LK ECM	
13565080	LHCENT2#1	15754279	Paper: Bates and Schlegel et al 2020	LHCENT2#1 13565081 Hoodwink ASB	
13272939	Uniglomerular mlALT DP1m vPN#L1	15754279	Paper: Bates and Schlegel et al 2020	Uniglomerular mlALT DP1m vPN 13272940 XZ	
12070989	Multiglomerular lALT imPN#1	15754279	Paper: Bates and Schlegel et al 2020	Multiglomerular lALT imPN VM5v+DL2d+VA7l+24 LTS 0.57 lALT Eponine 1340264 SD	
3906	Uniglomerular mALT VC3m lvPN#L2	15754279	Paper: Bates and Schlegel et al 2020	Uniglomerular mALT VC3m lvPN DB XZ	
11545803	LHAV3f1#1	15754279	Paper: Bates and Schlegel et al 2020	LHAV3f1#1 11545804 RJVR Ouroboros	
1372988	Multiglomerular mALT lvPN#R23	15754279	Paper: Bates and Schlegel et al 2020	Multiglomerular mALT lvPN VP5+VP2+VP3+2 LTS 0.94 1372989 ARH	
1363077	Multiglomerular t3-mALT l2PN#R1	15754279	Paper: Bates and Schlegel et al 2020	Multiglomerular t3-mALT l2PN VC5+VC3m+VM1+9 LTS 0.89 1363078 ARH	
1339810	Multiglomerular lALT l2PN#R5	15754279	Paper: Bates and Schlegel et al 2020	Multiglomerular lALT l2PN V+DL2v+VM7d+13 LTS 0.89 1339811 ARH	
1334915	Multiglomerular lALT l2PN#R2	15754279	Paper: Bates and Schlegel et al 2020	Multiglomerular lALT l2PN DM4+DM1+DM2+28 LTS 0.52 1334916 ARH	
1316519	LHPV2b5#1	15754279	Paper: Bates and Schlegel et al 2020	LHPV2b5#1 1316520 Golden Eagle GSXEJ RJVR	
1299740	LHMB1#1	15754279	Paper: Bates and Schlegel et al 2020	LHMB1#1 1299741 Birthday ASB	
1298816	LHAV6a3#1	15754279	Paper: Bates and Schlegel et al 2020	LHAV6a3#1 1298817 Peacock Bass ASB	
1288606	LHCENT6#1	15754279	Paper: Bates and Schlegel et al 2020	LHCENT6#1 1288607 Opportunity ASB	
1144402	Multiglomerular mALT lvPN#R6	15754279	Paper: Bates and Schlegel et al 2020	Multiglomerular mALT lvPN DM1+DM3+DM2+2 LTS 0.95 177691 MR	
1144225	Multiglomerular mALT lvPN#R5	15754279	Paper: Bates and Schlegel et al 2020	Multiglomerular mALT lvPN DM2+DM1+DP1m+5 LTS 0.91 177682 NSR	
1142316	Multiglomerular mALT lvPN#R4	15754279	Paper: Bates and Schlegel et al 2020	Multiglomerular mALT lvPN DL5+DC1+DP1m+6 LTS 0.87 177664 ECS	
1137895	Multiglomerular mALT lvPN#R14	15754279	Paper: Bates and Schlegel et al 2020	Multiglomerular mALT lvPN VM3+VC4+DA1+3 LTS 0.91 56992 HG NAS	
1136923	Multiglomerular mALT lvPN#R8	15754279	Paper: Bates and Schlegel et al 2020	Multiglomerular mALT lvPN DM1+DM4+DP1m LTS 0.97 57032 IJA AW	
1532304	Uniglomerular mlALT DP1m vPN#R2	15754279	Paper: Bates and Schlegel et al 2020	Uniglomerular mlALT DP1m vPN 1532305 ASB	
1136366	Multiglomerular mALT lvPN#R12	15754279	Paper: Bates and Schlegel et al 2020	Multiglomerular mALT lvPN DM3+DM4+VC4+6 LTS 0.87 56980 IJA	
554327	LHCENT8#2	15754279	Paper: Bates and Schlegel et al 2020	LHCENT8#2 554328 IJA Vieille Priére Bouddhique	
531931	Uniglomerular mlALT VA1d vPN#R1	15754279	Paper: Bates and Schlegel et al 2020	Uniglomerular mlALT VA1d vPN 531932 ASB GSXEJ	
488055	LHAV4c1#1	15754279	Paper: Bates and Schlegel et al 2020	LHAV4c1#1 488056 downstream DA1 GSXEJ	
199461	Multiglomerular mALT l2PN#R4	15754279	Paper: Bates and Schlegel et al 2020	Multiglomerular mALT l2PN DA2+VM7v+VP1m+14 LTS 0.76 Tikka Masala 199462 AEB NS 	
192430	Multiglomerular t2-mALT lvPN#R2	15754279	Paper: Bates and Schlegel et al 2020	Multiglomerular t2-mALT lvPN VP1m+VP5+VP1l LTS 0.97 192431 SMM ECM	
182684	Multiglomerular mALT lPN#R1	15754279	Paper: Bates and Schlegel et al 2020	Multiglomerular mALT lPN VP1d+DC4+VC1+5 LTS 0.93 182685 AES	
181551	LHCENT8#1	15754279	Paper: Bates and Schlegel et al 2020	LHCENT8#1 181552 Vieille Priére Bouddhique EW ASB RJVR	
177997	Multiglomerular mALT lvPN#R3	15754279	Paper: Bates and Schlegel et al 2020	Multiglomerular mALT lvPN VL2p+VM7v+DM3+16 LTS 0.68 177998 SMM	
177656	Multiglomerular mALT lvPN#R7	15754279	Paper: Bates and Schlegel et al 2020	Multiglomerular mALT lvPN VC4+DP1l+DM1+2 LTS 0.93 177657 EW AW	
177584	Multiglomerular mALT lvPN#R2	15754279	Paper: Bates and Schlegel et al 2020	Multiglomerular mALT lvPN VC4+DL3+VM3+29 LTS 0.48 177585 NAS ZSG	
177549	Multiglomerular mALT lvPN#R13	15754279	Paper: Bates and Schlegel et al 2020	Multiglomerular mALT lvPN DA1+VA2+VC4+4 LTS 0.91 177550 SMM AW	
177545	Multiglomerular mALT lvPN#R1	15754279	Paper: Bates and Schlegel et al 2020	Multiglomerular mALT lvPN VM3+VM7v+VA2+31 LTS 0.43 177546 SMM AW	
177540	Multiglomerular mALT lvPN#R35	15754279	Paper: Bates and Schlegel et al 2020	Multiglomerular mALT lvPN DP1l+VA4+DL2v+7 LTS 0.85 177541 SMM NAS	
563760	LHCENT4#1	15754279	Paper: Bates and Schlegel et al 2020	LHCENT4#1 563761 Mighty Little RJVR GSXEJ ASB 	
73937	Uniglomerular mALT VL1 ilPN bilateral#L1	15754279	Paper: Bates and Schlegel et al 2020	Uniglomerular mALT VL1 ilPN bilateral 73938 LK	
1533152	Uniglomerular mlALT VM2 vPN#R1	15754279	Paper: Bates and Schlegel et al 2020	Uniglomerular mlALT VM2 vPN 1533153 ASB	
1702624	Uniglomerular mlALT VL2p vPN#R1	15754279	Paper: Bates and Schlegel et al 2020	Uniglomerular mlALT VL2p vPN 1702625 ASB RJVR	
3080183	LHAD1c1#1	15754279	Paper: Bates and Schlegel et al 2020	LHAD1c1#1 3080184 Dust World JJ PS	
2851242	LHAV4g1#1	15754279	Paper: Bates and Schlegel et al 2020	LHAV4g1#1 2851243 Dove RJVR	
2653656	Uniglomerular mlALT VA1d vPN#L1	15754279	Paper: Bates and Schlegel et al 2020	Uniglomerular mlALT VA1d vPN 2653657 RJVR	
2639558	LHAV4d1#1	15754279	Paper: Bates and Schlegel et al 2020	LHAV4d1#1 2639559 RJVR Upstream DL4 Euphonium	
2600341	Multiglomerular lALT l2PN bilateral#R2	15754279	Paper: Bates and Schlegel et al 2020	Multiglomerular lALT l2PN VP2+VC5+VM1 LTS 0.97 bilateral 2600342 RJVR ECM	
2561343	Uniglomerular mlALT VA1v vPN#L2	15754279	Paper: Bates and Schlegel et al 2020	Uniglomerular mlALT VA1v vPN 2561344 RJVR	
2548003	LHPV4a10#1	15754279	Paper: Bates and Schlegel et al 2020	LHPV4a10#1 2548004 Teal ASB	
2484510	Uniglomerular mlALT VP4 vPN bilateral#R1	15754279	Paper: Bates and Schlegel et al 2020	Uniglomerular mlALT VP4 vPN bilateral 2484511 ECM JH	
2381432	Uniglomerular mlALT VA1v vPN#L1	15754279	Paper: Bates and Schlegel et al 2020	Uniglomerular mlALT VA1v vPN (outlier) 2381433 RJVR	
2227995	WEDPN1A#2	15754279	Paper: Bates and Schlegel et al 2020	WEDPN1A#2 2227996 Grey Herron SD	
2227866	Uniglomerular mlALT VA1v vPN#R1	15754279	Paper: Bates and Schlegel et al 2020	Uniglomerular mlALT VA1v vPN Dewar's 2227867 RJVR	
2122447	WEDPN1A#1	15754279	Paper: Bates and Schlegel et al 2020	WEDPN1A#1 2122448 RJVR	
2070199	Multiglomerular t2-mALT ilPN bilateral#L1	15754279	Paper: Bates and Schlegel et al 2020	Multiglomerular t2-mALT ilPN DL4+DA2+DA4l+22 LTS 0.62 bilateral 2070200 PMJ	
1664544	Multiglomerular t3-mALT l2PN bilateral#R1	15754279	Paper: Bates and Schlegel et al 2020	Multiglomerular t3-mALT l2PN VL1+VP5+VP2+2 LTS 0.95 bilateral 1664545 RJVR ECM	
1903280	Uniglomerular mlALT VL2a vPN#R2	15754279	Paper: Bates and Schlegel et al 2020	Uniglomerular mlALT VL2a vPN 1903281 GSXEJ	
1870230	LHAV2a3#1	15754279	Paper: Bates and Schlegel et al 2020	LHAV2a3#1 1870231 RJVR AJES PS	
1866895	LHCENT7#1	15754279	Paper: Bates and Schlegel et al 2020	LHCENT7#1 1866896 Morpholino ASB	
1812558	LHAD3a8#1	15754279	Paper: Bates and Schlegel et al 2020	LHAD3a8#1 1812559 KM	
11546775	Multiglomerular t6-mALT smPN#R1	15754279	Paper: Bates and Schlegel et al 2020	Multiglomerular t6-mALT smPN VP1m+DC2+VP2+17 LTS 0.8 bilateral Punishment King 1402861 MEB RJVR	
1727913	Multiglomerular lALT l2PN#R1	15754279	Paper: Bates and Schlegel et al 2020	Multiglomerular lALT l2PN DP1l+DP1m+DL2v+23 LTS 0.66 1727914 RJVR ZM	
1724523	Uniglomerular mlALT VL2a vPN#R3	15754279	Paper: Bates and Schlegel et al 2020	Uniglomerular mlALT VL2a vPN 1724524 RJVR	
1722202	Uniglomerular mlALT VA1v vPN#R2	15754279	Paper: Bates and Schlegel et al 2020	Uniglomerular mlALT VA1v vPN Double mlALT 1722203 RJVR	
1720254	Multiglomerular mALT lvPN#R47	15754279	Paper: Bates and Schlegel et al 2020	Multiglomerular mALT lvPN DA3+DA1+VC3l+8 LTS 0.84 1720255	
1712057	Uniglomerular mALT VP2+ adPN#R1	15754279	Paper: Bates and Schlegel et al 2020	Uniglomerular mALT VP2+ adPN 1712058 ECM	
1710886	LHPV2c1#1	15754279	Paper: Bates and Schlegel et al 2020	LHPV2c1#1 1710887 Fial RJVR	
1710793	LHPV4a1#3	15754279	Paper: Bates and Schlegel et al 2020	LHPV4a1#3 1710794 Tipi ASB RJVR	
1706774	LHAV3c1#1	15754279	Paper: Bates and Schlegel et al 2020	LHAV3c1#1 1706775 RJVR Cornet	
1703872	LHPV2a2#1	15754279	Paper: Bates and Schlegel et al 2020	LHPV2a2#1 1703873 FML Beech - downstream of DA2	
1879479	LHAD1f4#1	15754279	Paper: Bates and Schlegel et al 2020	LHAD1f4#1 1879480 Aspis-like	
57536	Multiglomerular mALT l2PN#R3	15754279	Paper: Bates and Schlegel et al 2020	Multiglomerular mALT l2PN VL2p+DP1l+VL2a+7 LTS 0.94 57537 LK NM 	
57516	Uniglomerular mALT VP2 adPN#R1	15754279	Paper: Bates and Schlegel et al 2020	Uniglomerular mALT VP2 adPN 57517 LK ECM	
57499	Uniglomerular mALT VL1 ilPN bilateral#R1	15754279	Paper: Bates and Schlegel et al 2020	Uniglomerular mALT VL1 ilPN bilateral 57500 ML	
57130	Uniglomerular mALT VC5+ lvPN bilateral#R2	15754279	Paper: Bates and Schlegel et al 2020	Uniglomerular mALT VC5+ lvPN bilateral 57131 LK	
57126	Multiglomerular mALT lvPN#R25	15754279	Paper: Bates and Schlegel et al 2020	Multiglomerular mALT lvPN VP2+D+DA2+6 LTS 0.88 57127 LK	
57122	Multiglomerular mALT lvPN#R27	15754279	Paper: Bates and Schlegel et al 2020	Multiglomerular mALT lvPN VP1m+VP2+VP5+1 LTS 0.95 57123 GA ECM	
57114	Multiglomerular mALT lvPN#R28	15754279	Paper: Bates and Schlegel et al 2020	Multiglomerular mALT lvPN VP2+VP5+VP1m LTS 0.97 57115 HG ECM	
57089	Multiglomerular mALT lvPN#R39	15754279	Paper: Bates and Schlegel et al 2020	Multiglomerular mALT lvPN DA1+DC3+VA7l+5 LTS 0.9 DA1 Type 1b R 57091 IJA	
57080	Multiglomerular mALT lvPN#R36	15754279	Paper: Bates and Schlegel et al 2020	Multiglomerular mALT lvPN VA7m+DL1+VA3+7 LTS 0.88 57081 IJA	
57076	Multiglomerular mALT lvPN#R37	15754279	Paper: Bates and Schlegel et al 2020	Multiglomerular mALT lvPN VA5+VA3+DC3+4 LTS 0.91 57077 ML	
57063	Uniglomerular mALT VP2 + SEZ lvPN#R3	15754279	Paper: Bates and Schlegel et al 2020	Uniglomerular mALT VP2 + SEZ lvPN 57064 ML ECM	
57059	Multiglomerular mALT lvPN#R29	15754279	Paper: Bates and Schlegel et al 2020	Biglomerular mALT VP1m + VP2 lvPN 57060 ML ECM	
57051	Multiglomerular mALT lvPN#R22	15754279	Paper: Bates and Schlegel et al 2020	Multiglomerular mALT lvPN VP2+VP5+VC5 LTS 0.97 57052 LK	
57047	Multiglomerular mALT lvPN#R42	15754279	Paper: Bates and Schlegel et al 2020	Multiglomerular mALT lvPN DC4+DC3+VA5+8 LTS 0.87 57048 IJA	
57039	Multiglomerular mALT lvPN#R38	15754279	Paper: Bates and Schlegel et al 2020	Multiglomerular mALT lvPN VA7m+DL1+VA7l+6 LTS 0.91 57040 IJA	
57035	Multiglomerular mALT lvPN#R45	15754279	Paper: Bates and Schlegel et al 2020	Multiglomerular mALT lvPN DA1+DC3+DA3+3 LTS 0.94 R 2 DA1 Type 2 R  2 57036 LK	
57134	Multiglomerular mALT lvPN#R21	15754279	Paper: Bates and Schlegel et al 2020	Multiglomerular mALT lvPN VP2+VP5+DC4+2 LTS 0.96 57135 GA	
57023	Multiglomerular mALT lvPN#R43	15754279	Paper: Bates and Schlegel et al 2020	Multiglomerular mALT lvPN VC4+DC3+DA1+4 LTS 0.96 DA1 Type 1b R  57024 NS	
57015	Multiglomerular mALT lvPN#R18	15754279	Paper: Bates and Schlegel et al 2020	Multiglomerular mALT lvPN VC5+VM4+VM1+2 LTS 0.95 57016 IJA	
57011	Multiglomerular mALT lvPN#R41	15754279	Paper: Bates and Schlegel et al 2020	Multiglomerular mALT lvPN DA1+DC3+VC4+6 LTS 0.92 DA1 Type 1b R 57012 NS	
57007	Multiglomerular mALT lvPN#R31	15754279	Paper: Bates and Schlegel et al 2020	Multiglomerular mALT lvPN DP1l+DL1+DL4+6 LTS 0.86 57008 ML	
57003	Uniglomerular mALT VM4 lvPN#R1	15754279	Paper: Bates and Schlegel et al 2020	Uniglomerular mALT VM4 lvPN 57004 ML	
56999	Uniglomerular mALT VP1l+ lvPN#R3	15754279	Paper: Bates and Schlegel et al 2020	Uniglomerular mALT VP1l+ lvPN 57000 IJA NM ECM	
56995	Multiglomerular mALT lvPN#R11	15754279	Paper: Bates and Schlegel et al 2020	Multiglomerular mALT lvPN VM3+DP1l+VC3l+3 LTS 0.93 56996 IJA NAS	
56983	Multiglomerular mALT lvPN#R15	15754279	Paper: Bates and Schlegel et al 2020	Multiglomerular mALT lvPN VA4+VA3+VC4+6 LTS 0.92 56984 HG NAS	
46800	Uniglomerular mALT VC3l adPN#R1	15754279	Paper: Bates and Schlegel et al 2020	Uniglomerular mALT VC3l adPN 46801 JMR	
41578	Uniglomerular mALT VC3l adPN#R2	15754279	Paper: Bates and Schlegel et al 2020	Uniglomerular mALT VC3l adPN 41579 AJ	
32801	Multiglomerular mALT l2PN#R1	15754279	Paper: Bates and Schlegel et al 2020	Multiglomerular mALT l2PN D+VP3+VA7m+24 LTS 0.63 32802 JMR	
32793	Multiglomerular mALT l2PN#R2	15754279	Paper: Bates and Schlegel et al 2020	Multiglomerular mALT l2PN VM1+VP2+VP3+23 LTS 0.58 Flywalkies 32794 JMR	
23134	Uniglomerular mALT VC3l adPN#R3	15754279	Paper: Bates and Schlegel et al 2020	Uniglomerular mALT VC3l adPN 23135 BH	
4070	Uniglomerular mALT VC3l adPN#L4	15754279	Paper: Bates and Schlegel et al 2020	Uniglomerular mALT VC3l adPN DB XZ	
57019	Multiglomerular mALT lvPN#R40	15754279	Paper: Bates and Schlegel et al 2020	Multiglomerular mALT lvPN VC4+DC3+VM5d+6 LTS 0.9 DA1 Type 1b R 57020 GA	
57138	Multiglomerular mALT lvPN#R20	15754279	Paper: Bates and Schlegel et al 2020	Multiglomerular mALT lvPN VP5+VP2+VP1m LTS 0.96 57139 IJA ECM	
57142	Multiglomerular mALT lvPN#R26	15754279	Paper: Bates and Schlegel et al 2020	Multiglomerular mALT lvPN VP5+VP2+VP1m+1 LTS 0.95 57143 GA ECM	
57146	Uniglomerular mALT VP2 + SEZ lvPN#R1	15754279	Paper: Bates and Schlegel et al 2020	Uniglomerular mALT VP2 + SEZ lvPN 57147 HG SAC	
57495	Biglomerular mALT VP1l + VP3 ilPN bilateral#R1	15754279	Paper: Bates and Schlegel et al 2020	Biglomerular mALT VP1l + VP3 ilPN bilateral 57496 LK ECM	
57487	Biglomerular mALT VP1l + VP3 ilPN bilateral#L1	15754279	Paper: Bates and Schlegel et al 2020	Biglomerular mALT VP1l + VP3 ilPN bilateral 57488 ML ECM	
57475	Multiglomerular mALT smPN bilateral#L1	15754279	Paper: Bates and Schlegel et al 2020	Multiglomerular mALT smPN VP3+VP5+VP2 LTS 0.97 bilateral 57476 IJA	
57467	Multiglomerular mALT lPN#R8	15754279	Paper: Bates and Schlegel et al 2020	Multiglomerular mALT lPN DC4+V+DL5+7 LTS 0.84 57468 LK	
57463	Multiglomerular mALT lPN#R6	15754279	Paper: Bates and Schlegel et al 2020	Multiglomerular mALT lPN VL1+VP2+VP1l+2 LTS 0.94 57464 ML	
57455	Multiglomerular mALT lPN#R12	15754279	Paper: Bates and Schlegel et al 2020	Multiglomerular mALT lPN VA7l+VA7m+DC2+5 LTS 0.92 57456 LK	
57450	Multiglomerular mALT lPN#R11	15754279	Paper: Bates and Schlegel et al 2020	Multiglomerular mALT lPN VL1+VA7l+DA2+7 LTS 0.91 57451 LK	
57446	Multiglomerular mALT lPN#R3	15754279	Paper: Bates and Schlegel et al 2020	Multiglomerular mALT lPN VP1d+VC1+VM7v+10 LTS 0.85 57447 NS NM 	
57442	Multiglomerular mALT lPN#R7	15754279	Paper: Bates and Schlegel et al 2020	Multiglomerular mALT lPN VP1l+DC4+DL5+8 LTS 0.86 57443 IJA	
57434	Multiglomerular mALT lPN bilateral#R2	15754279	Paper: Bates and Schlegel et al 2020	Multiglomerular mALT lPN VP2+VP5+VP3+4 LTS 0.92 bilateral 57435 LK	
57430	Multiglomerular mALT lPN bilateral#R3	15754279	Paper: Bates and Schlegel et al 2020	Multiglomerular mALT lPN VP2+VL1+VP3+2 LTS 0.94 bilateral 57431 IJA ECM	
57394	Multiglomerular mALT lPN#R10	15754279	Paper: Bates and Schlegel et al 2020	Multiglomerular mALT lPN VA7l+DA4l+VL1+9 LTS 0.89 57395 IJA	
57389	Multiglomerular mALT lPN#R5	15754279	Paper: Bates and Schlegel et al 2020	Multiglomerular mALT lPN VL1+VM7v+VA5+6 LTS 0.86 57390 IJA	
57236	Uniglomerular mALT VC5+ lvPN bilateral#R1	15754279	Paper: Bates and Schlegel et al 2020	Uniglomerular mALT VC5+ lvPN bilateral 57237 LK ECM	
57232	Multiglomerular mALT lvPN#R24	15754279	Paper: Bates and Schlegel et al 2020	Multiglomerular mALT lvPN DA2+DC4+VP1m+8 LTS 0.85 57233 GA	
57224	Uniglomerular mALT VP1l+ lvPN#R1	15754279	Paper: Bates and Schlegel et al 2020	Uniglomerular mALT VP1l+ lvPN 57225 ML	
57220	Multiglomerular mALT lvPN#R9	15754279	Paper: Bates and Schlegel et al 2020	Multiglomerular mALT lvPN VA4+DM1+DM3+5 LTS 0.91 57221 LK NAS	
57216	Uniglomerular mALT DL5 lvPN#R1	15754279	Paper: Bates and Schlegel et al 2020	Uniglomerular mALT DL5 lvPN 57217 GA	
57212	Multiglomerular mALT lvPN#R33	15754279	Paper: Bates and Schlegel et al 2020	Multiglomerular mALT lvPN DL4+VL2p+VL1+5 LTS 0.89 57213 IJA ECM	
57208	Multiglomerular mALT lvPN#R17	15754279	Paper: Bates and Schlegel et al 2020	Multiglomerular mALT lvPN VL2p+VC3m+VC5+5 LTS 0.92 57209 IJA	
57204	Multiglomerular mALT lvPN#R16	15754279	Paper: Bates and Schlegel et al 2020	Multiglomerular mALT lvPN VC3l+VC4+VL2p+4 LTS 0.92 57205 IJA	
57200	Uniglomerular mALT VP1l+ lvPN#R2	15754279	Paper: Bates and Schlegel et al 2020	Uniglomerular mALT VP1l+ lvPN 57201 NS ECM	
57196	Multiglomerular mALT lvPN#R32	15754279	Paper: Bates and Schlegel et al 2020	Multiglomerular mALT lvPN DL4+DL5+DP1l+3 LTS 0.93 57197 ML	
57192	Uniglomerular mALT VM4 lvPN#R2	15754279	Paper: Bates and Schlegel et al 2020	Uniglomerular mALT VM4 lvPN 57193 LK	
57179	Multiglomerular mALT lvPN#R46	15754279	Paper: Bates and Schlegel et al 2020	Multiglomerular mALT lvPN DA1 DA1+DA3+DC3+1 LTS 0.97 Type 2 R 57180 LK	
57175	Multiglomerular mALT lvPN#R19	15754279	Paper: Bates and Schlegel et al 2020	Multiglomerular mALT lvPN VC5+VM1+VM4+2 LTS 0.96 57176 IJA ECM	
57171	Multiglomerular mALT lvPN#R30	15754279	Paper: Bates and Schlegel et al 2020	Multiglomerular mALT lvPN DL2d+VL1+VL2p+4 LTS 0.9 57172 LK	
57166	Uniglomerular mALT VP2 + SEZ lvPN#R2	15754279	Paper: Bates and Schlegel et al 2020	Uniglomerular mALT VP2 + SEZ lvPN 57167 LK	
57158	Multiglomerular mALT lvPN#R44	15754279	Paper: Bates and Schlegel et al 2020	Multiglomerular mALT lvPN DC3+DA1+DA3+3 LTS 0.95 DA1 Type 2 R 57159 GA	
3301234	Uniglomerular mlALT VL2a vPN#L2	15754279	Paper: Bates and Schlegel et al 2020	Uniglomerular mlALT VL2a vPN 3301235	
3376158	LHPV6o1#1	15754279	Paper: Bates and Schlegel et al 2020	LHPV6o1#1 3376159 Kabuki RJVR	
1803633	LHAD3a10#1	15754279	Paper: Bates and Schlegel et al 2020	LHAD3a10#1 1803634 Shaky AJES	
3416395	LHPV2f2#1	15754279	Paper: Bates and Schlegel et al 2020	LHPV2f2#1 3416396 RJVR	
7017522	Multiglomerular t10-lALT l2PN#R1	15754279	Paper: Bates and Schlegel et al 2020	Multiglomerular t10-lALT l2PN VP3+VP5+VP2 LTS 0.97 7017523 ECM	
6695923	Uniglomerular mlALT DP1m vPN#R1	15754279	Paper: Bates and Schlegel et al 2020	Uniglomerular mlALT DP1m vPN Ketchup 6695924 RJVR	
6649190	Multiglomerular t-mALT l2PN#R1	15754279	Paper: Bates and Schlegel et al 2020	Multiglomerular t-mALT l2PN VL1+DC3+VL2p+5 LTS 0.92 6649191 JS ET	
6082926	WEDPN7C#1	15754279	Paper: Bates and Schlegel et al 2020	WEDPN7C#1 6082927 Marga PDP	
5946848	Biglomerular t10-lALT VP5 + VP2 l2PN#R2	15754279	Paper: Bates and Schlegel et al 2020	Biglomerular t10-lALT VP5 + VP2 l2PN 5946849 ECM	
5810932	WEDPN7A#2	15754279	Paper: Bates and Schlegel et al 2020	WEDPN7A#2 5810933 PMJ RJVR	
5807269	LHPV5d3#3	15754279	Paper: Bates and Schlegel et al 2020	LHPV5d3#3 5807270 Disgraced Tennis Player ARJ ASB	
7481072	WEDPN8C#2	15754279	Paper: Bates and Schlegel et al 2020	WEDPN8C#2 7481073 RJVR	
5807249	LHPV5d3#1	15754279	Paper: Bates and Schlegel et al 2020	LHPV5d3#1 5807250 Jean-Claude ARJ	
5806820	LHPV5a5#1	15754279	Paper: Bates and Schlegel et al 2020	LHPV5a5#1 5806821 Covenant ASB	
5672990	Uniglomerular lALT VP2 l2PN#R1	15754279	Paper: Bates and Schlegel et al 2020	Uniglomerular lALT VP2 l2PN 5672991 ECM	
5494609	Multiglomerular mALT lvPN#R10	15754279	Paper: Bates and Schlegel et al 2020	Multiglomerular mALT lvPN VM3+DM3+DM1+5 LTS 0.93 5494610 PS	
5471515	Uniglomerular t5-mlALT VP3 vPN#R1	15754279	Paper: Bates and Schlegel et al 2020	Uniglomerular t5-mlALT VP3 vPN 562645 GSXEJ	
5217967	Uniglomerular mlALT DL2v vPN#R1	15754279	Paper: Bates and Schlegel et al 2020	Uniglomerular mlALT DL2v vPN 5217968 ASB RJVR	
5169854	Multiglomerular mALT lvPN#R34	15754279	Paper: Bates and Schlegel et al 2020	Multiglomerular mALT lvPN VL1+DL4+VM4+3 LTS 0.93 5169855	
5002989	WEDPN1A#4	15754279	Paper: Bates and Schlegel et al 2020	WEDPN1A#4 5002990 RJVR PDP	
5807241	LHPV5d3#2	15754279	Paper: Bates and Schlegel et al 2020	LHPV5d3#2 5807242 Make Good Decisions GSXEJ	
7712104	Uniglomerular mALT VC3m lvPN#L1	15754279	Paper: Bates and Schlegel et al 2020	Uniglomerular mALT VC3m lvPN 7712105 XZ	
8406430	Multiglomerular t10-mALT l2PN#R1	15754279	Paper: Bates and Schlegel et al 2020	Multiglomerular t10-lALT l2PN VC5+VP5+VP2+2 LTS 0.94 8406431 JSP	
8566851	Multiglomerular lALT lv2PN#R1	15754279	Paper: Bates and Schlegel et al 2020	Multiglomerular lALT lv2PN VA1d+VA1v+VP3+5 LTS 0.93 Esme Weatherwax 8566852 PS	
3394015	LHCENT1#1	15754279	Paper: Bates and Schlegel et al 2020	LHCENT1#1 3394016 Explorer ASB	
11519897	LHCENT5#1	15754279	Paper: Bates and Schlegel et al 2020	LHCENT5#1 11519898 Capaldi RJVR	
11524119	Uniglomerular lALT VP1m l2PN#R1	15754279	Paper: Bates and Schlegel et al 2020	Uniglomerular lALT VP1m l2PN 65701 AJ ECM	
11524508	LHPV2c1#2	15754279	Paper: Bates and Schlegel et al 2020	LHPV2c1#2 11524509 FML Grassy - downstream of DL4	
11543484	LHCENT3#1	15754279	Paper: Bates and Schlegel et al 2020	LHCENT3#1 11543485 Safety Pin CMM	
11543519	LHAV2d1#1	15754279	Paper: Bates and Schlegel et al 2020	LHAV2d1#1 11543520 GSXEJ RJVR Joffrey	
11519759	LHCENT9#1	15754279	Paper: Bates and Schlegel et al 2020	LHCENT9#1 11519760 Fen Tiger CH ASB	
11234968	Uniglomerular t10-lALT VP3+l2PN#R1	15754279	Paper: Bates and Schlegel et al 2020	Uniglomerular t10-lALT VP3+ l2PN 11234969 PS	
11109412	Uniglomerular mlALT VL2a vPN#L1	15754279	Paper: Bates and Schlegel et al 2020	Uniglomerular mlALT VL2a vPN 11109413	
10078400	Multiglomerular mALT l2PN#R5	15754279	Paper: Bates and Schlegel et al 2020	Multiglomerular mALT l2PN VP5+VP3+VP1l+3 LTS 0.93 10078401 FML ASB ECM	
9901677	Uniglomerular mALT VC3l adPN#L2	15754279	Paper: Bates and Schlegel et al 2020	Uniglomerular mALT VC3l adPN 9901678 LB XZ	
9249174	WEDPN2B#2	15754279	Paper: Bates and Schlegel et al 2020	WEDPN2B#2 9249175 Gregory Seneca Xerxes Eugene Jefferis RJVR ASB PDP	
9206998	WEDPN8C#3	15754279	Paper: Bates and Schlegel et al 2020	WEDPN8C#3 9206999 Tristan PDP	
9206583	WEDPN8B#1	15754279	Paper: Bates and Schlegel et al 2020	WEDPN8B#1 9206584 same pnt PDP	
8825246	Multiglomerular t3-mALT l2PN#R2	15754279	Paper: Bates and Schlegel et al 2020	Multiglomerular t3-mALT l2PN VC5+VM1+VP2+4 LTS 0.92 8825247 RJVR ARH	
8777795	Multiglomerular t5-lALT spPN#R1	15754279	Paper: Bates and Schlegel et al 2020	Multiglomerular t5-lALT spPN DM4+VC1+VP2+9 LTS 0.84 Tarnhelm 8777796 SAC FS 	
8715672	Multiglomerular t2-mALT ilPN#R1	15754279	Paper: Bates and Schlegel et al 2020	Multiglomerular t2-mALT ilPN DA2+DL4+DA4l+19 LTS 0.69 bilateral 8715673 ECM	
4954525	Multiglomerular lALT imPN#2	15754279	Paper: Bates and Schlegel et al 2020	Multiglomerular lALT imPN VM5v+VM1+VA7l+24 LTS 0.56 4954526 SD ZM	
4954519	Multiglomerular mlALT vPN#R58	15754279	Paper: Bates and Schlegel et al 2020	Multiglomerular mlALT vPN VP1m+VC1+DC2+5 LTS 0.9 4954520 SD ECM	
5019352	Uniglomerular mlALT DM4 vPN#R1	15754279	Paper: Bates and Schlegel et al 2020	Uniglomerular mlALT DM4 vPN Carpal Tunnel 5019353 RJVR	
4946893	WEDPN2B#1	15754279	Paper: Bates and Schlegel et al 2020	WEDPN2B#1 4946894 RJVR SD Lucy Parsons	
4947032	WEDPN7A#1	15754279	Paper: Bates and Schlegel et al 2020	WEDPN7A#1 4947033 Crane SD	
3954226	WEDPN7C#2	15754279	Paper: Bates and Schlegel et al 2020	WEDPN7C#2 3954227 Sprig ASB RJVR	
3908507	Multiglomerular lALT l2PN#R3	15754279	Paper: Bates and Schlegel et al 2020	Multiglomerular lALT l2PN VP4+VP1l+VL2p LTS 0.97 3908508 RJVR ECM	
3813455	Uniglomerular mlALT VL2a vPN#R1	15754279	Paper: Bates and Schlegel et al 2020	Uniglomerular mlALT VL2a vPN 3813456 RJVR	
3813447	Multiglomerular mlALT vPN#R54	15754279	Paper: Bates and Schlegel et al 2020	Multiglomerular mlALT vPN VP1d+VP1m+VP1l+4 LTS 0.94 3813448 RJVR	
3813442	Multiglomerular mlALT vPN#R55	15754279	Paper: Bates and Schlegel et al 2020	Multiglomerular mlALT vPN VP1d+VP1m+VP1l+3 LTS 0.93 3813443 RJVR	
3813438	Multiglomerular mlALT vPN#R57	15754279	Paper: Bates and Schlegel et al 2020	Multiglomerular mlALT vPN VP1l+VP1d+VM1+2 LTS 0.95 3813439 ECM	
3813424	Multiglomerular mlALT vPN#R56	15754279	Paper: Bates and Schlegel et al 2020	Multiglomerular mlALT vPN VP1m+VP1l+VP5+2 LTS 0.97 3813425 RJVR	
3813403	Uniglomerular mlALT DC4 vPN#R2	15754279	Paper: Bates and Schlegel et al 2020	Uniglomerular mlALT DC4 vPN 3813404 RJVR	
3813343	Uniglomerular mlALT VM2 vPN#R2	15754279	Paper: Bates and Schlegel et al 2020	Uniglomerular mlALT VM2 vPN 3813344 PS	
3813331	Uniglomerular mlALT DM4 vPN#R2	15754279	Paper: Bates and Schlegel et al 2020	Uniglomerular mlALT DM4 vPN 3813332 ASB	
3799421	WEDPN2B#3	15754279	Paper: Bates and Schlegel et al 2020	WEDPN2B#3 3799422 Gregory Sylvester Xander Edmonton Jefferis RJVR GSXEJ	
3742499	Uniglomerular mALT VP1l lvPN bilateral#R1	15754279	Paper: Bates and Schlegel et al 2020	Uniglomerular mALT VP1l lvPN bilateral 3742500	
3715995	Uniglomerular mALT VL2p adPN#L1	15754279	Paper: Bates and Schlegel et al 2020	Uniglomerular mALT VL2p adPN 3715996 ECM LB	
3648956	Multiglomerular mALT lPN bilateral#R1	15754279	Paper: Bates and Schlegel et al 2020	Multiglomerular mALT lPN VP3+VP2+VL1+1 LTS 0.95 bilateral 57439 NS	
3481901	LHPD3a5#1	15754279	Paper: Bates and Schlegel et al 2020	LHPD3a5#1 3481902 DC4 Bully RJVR ASB	
3420237	Uniglomerular mALT VC5 adPN#L1	15754279	Paper: Bates and Schlegel et al 2020	Uniglomerular mALT VC5 adPN 3420238 RJVR	
4027387	WEDPN8C#1	15754279	Paper: Bates and Schlegel et al 2020	WEDPN8C#1 4027388 Giant Ibis RJVR	
4058666	Multiglomerular t2-mALT lvPN#R1	15754279	Paper: Bates and Schlegel et al 2020	Multiglomerular t2-mALT lvPN VP1m+VP5+VP1l+1 LTS 0.96 4058667 ECM	
4002166	Multiglomerular t9-lALT lv2PN#R1	15754279	Paper: Bates and Schlegel et al 2020	Multiglomerular t9-lALT lv2PN VP2+VC2+VP1m+4 LTS 0.94 4002167 PDP	
4267053	WEDPN1A#3	15754279	Paper: Bates and Schlegel et al 2020	WEDPN1A#3 4267054 I BELIEVE IN ME SD RJVR	
4946872	WEDPN6A#1	15754279	Paper: Bates and Schlegel et al 2020	WEDPN6A#1 4946873 Red Kite ASB SD	
4905365	Multiglomerular t4-mALT spPN#R1	15754279	Paper: Bates and Schlegel et al 2020	Multiglomerular t4-mALT spPN DP1l+DM4+VA4+17 LTS 0.75 4905366 RJVR ZM	
4876532	Biglomerular t10-lALT VP5 + VP2 l2PN#R1	15754279	Paper: Bates and Schlegel et al 2020	Biglomerular t10-lALT VP5 + VP2 l2PN 4876533 RJVR	
4869882	Uniglomerular t10-lALT VP3+ l2PN bilateral#R2	15754279	Paper: Bates and Schlegel et al 2020	Uniglomerular t10-lALT VP3+ l2PN bilateral 4869883 ECM	
4195469	Multiglomerular lALT l2PN#R4	15754279	Paper: Bates and Schlegel et al 2020	Multiglomerular lALT l2PN VP1m+VM7d+VM7v+9 LTS 0.87 4195470 RJVR	
4672650	Uniglomerular t10-lALT VP5 l2PN#R1	15754279	Paper: Bates and Schlegel et al 2020	Uniglomerular t10-lALT VP5 l2PN 4672651 ZM ECM	
4671556	Biglomerular t10-lALT VP5 + VP3 l2PN#R1	15754279	Paper: Bates and Schlegel et al 2020	Biglomerular t10-lALT VP3 + VP5 l2PN 4671557 ZM ECM	
4632091	Uniglomerular mlALT DP1l vPN#R1	15754279	Paper: Bates and Schlegel et al 2020	Uniglomerular mlALT DP1l vPN 4624559 ASB PS	
4812228	Uniglomerular mlALT DL2d vPN#R1	15754279	Paper: Bates and Schlegel et al 2020	Uniglomerular mlALT DL2d vPN 4812229 RJVR SD	
4624374	Uniglomerular mlALT VM2 vPN#R3	15754279	Paper: Bates and Schlegel et al 2020	Uniglomerular mlALT VM2 vPN 4624375 ASB	
4624325	Uniglomerular mlALT DC4 vPN#R1	15754279	Paper: Bates and Schlegel et al 2020	Uniglomerular mlALT DC4 vPN 4624326 RJVR	
4586967	Uniglomerular mALT VC3l adPN#L1	15754279	Paper: Bates and Schlegel et al 2020	Uniglomerular mALT VC3l adPN 4586968 RJVR XZ	
4507894	Uniglomerular mlALT VL2p vPN#L1	15754279	Paper: Bates and Schlegel et al 2020	Uniglomerular mlALT VL2p vPN 4507895	
4494902	Uniglomerular mALT VC3l adPN#L3	15754279	Paper: Bates and Schlegel et al 2020	Uniglomerular mALT VC3l adPN 4494903 XZ	
4340854	Uniglomerular mlALT DL2d vPN#R2	15754279	Paper: Bates and Schlegel et al 2020	Uniglomerular mlALT DL2d vPN Kahlo 4340855 ASB SD	
4280558	WEDPN1B#1	15754279	Paper: Bates and Schlegel et al 2020	WEDPN1B#1 4280559 SD RJVR Today I found a soma	
4632023	Multiglomerular mlALT vPN#R53	15754279	Paper: Bates and Schlegel et al 2020	Multiglomerular mlALT vPN VP1d+VP1m+VP1l LTS 0.96 4632024 PS	
488055	LHAV4c1#1	15754283	Paper: Dolan et al 2019	LHAV4c1#1 488056 downstream DA1 GSXEJ	
1703872	LHPV2a2#1	15754283	Paper: Dolan et al 2019	LHPV2a2#1 1703873 FML Beech - downstream of DA2	
1710793	LHPV4a1#3	15754283	Paper: Dolan et al 2019	LHPV4a1#3 1710794 Tipi ASB RJVR	
1870230	LHAV2a3#1	15754283	Paper: Dolan et al 2019	LHAV2a3#1 1870231 RJVR AJES PS	
1879479	LHAD1f4#1	15754283	Paper: Dolan et al 2019	LHAD1f4#1 1879480 Aspis-like	
2050698	LHAV4e7#1	15754283	Paper: Dolan et al 2019	LHAV4e7#1 2050699 ASB	
2227995	WEDPN1A#2	15754283	Paper: Dolan et al 2019	WEDPN1A#2 2227996 Grey Herron SD	
2851242	LHAV4g1#1	15754283	Paper: Dolan et al 2019	LHAV4g1#1 2851243 Dove RJVR	
2548003	LHPV4a10#1	15754283	Paper: Dolan et al 2019	LHPV4a10#1 2548004 Teal ASB	
15738898	LHAV4a3#1	15754283	Paper: Dolan et al 2019	LHAV4a3#1 15738899 Chicken ASB	
9249174	WEDPN2B#2	15754283	Paper: Dolan et al 2019	WEDPN2B#2 9249175 Gregory Seneca Xerxes Eugene Jefferis RJVR ASB PDP	
6185360	AVLP026#1	15754283	Paper: Dolan et al 2019	AVLP026#1 6185361 Stalk ASB	
4946872	WEDPN6A#1	15754283	Paper: Dolan et al 2019	WEDPN6A#1 4946873 Red Kite ASB SD	
2372530	LHPV4d3#2	15754283	Paper: Dolan et al 2019	LHPV4d3#2 2372531 Shearwaters RJVR ASB	
2969221	LHAD1c1#2	15754283	Paper: Dolan et al 2019	LHAD1c1#2 2969222 Uncle Sam CMM	
3080183	LHAD1c1#1	15754283	Paper: Dolan et al 2019	LHAD1c1#1 3080184 Dust World JJ PS	
3136251	LHPD3a4#1	15754283	Paper: Dolan et al 2019	LHPD3a4#1 3136252 Piri Reis ASB RJVR	
3376158	LHPV6o1#1	15754283	Paper: Dolan et al 2019	LHPV6o1#1 3376159 Kabuki RJVR	
3393889	LHAV4e4#1	15754283	Paper: Dolan et al 2019	LHAV4e4#1 3393890 Chloé LSC	
3481901	LHPD3a5#1	15754283	Paper: Dolan et al 2019	LHPD3a5#1 3481902 DC4 Bully RJVR ASB	
11543484	LHCENT3#1	15754388	Paper: Otto et al 2020	LHCENT3#1 11543485 Safety Pin CMM	
177997	Multiglomerular mALT lvPN#R3	15754388	Paper: Otto et al 2020	Multiglomerular mALT lvPN VL2p+VM7v+DM3+16 LTS 0.68 177998 SMM	
181551	LHCENT8#1	15754388	Paper: Otto et al 2020	LHCENT8#1 181552 Vieille Priére Bouddhique EW ASB RJVR	
554327	LHCENT8#2	15754388	Paper: Otto et al 2020	LHCENT8#2 554328 IJA Vieille Priére Bouddhique	
1137895	Multiglomerular mALT lvPN#R14	15754388	Paper: Otto et al 2020	Multiglomerular mALT lvPN VM3+VC4+DA1+3 LTS 0.91 56992 HG NAS	
1142316	Multiglomerular mALT lvPN#R4	15754388	Paper: Otto et al 2020	Multiglomerular mALT lvPN DL5+DC1+DP1m+6 LTS 0.87 177664 ECS	
3080183	LHAD1c1#1	15754388	Paper: Otto et al 2020	LHAD1c1#1 3080184 Dust World JJ PS	
2969221	LHAD1c1#2	15754388	Paper: Otto et al 2020	LHAD1c1#2 2969222 Uncle Sam CMM	
177584	Multiglomerular mALT lvPN#R2	15754388	Paper: Otto et al 2020	Multiglomerular mALT lvPN VC4+DL3+VM3+29 LTS 0.48 177585 NAS ZSG	
11519759	LHCENT9#1	15754388	Paper: Otto et al 2020	LHCENT9#1 11519760 Fen Tiger CH ASB	
11519897	LHCENT5#1	15754388	Paper: Otto et al 2020	LHCENT5#1 11519898 Capaldi RJVR	
1299740	LHMB1#1	15754388	Paper: Otto et al 2020	LHMB1#1 1299741 Birthday ASB	
177545	Multiglomerular mALT lvPN#R1	15754388	Paper: Otto et al 2020	Multiglomerular mALT lvPN VM3+VM7v+VA2+31 LTS 0.43 177546 SMM AW	
5982276	LHPD5a1#1	15754388	Paper: Otto et al 2020	LHPD5a1#1 5982277 ECM LB Sam Tarly	
5157807	SIMPAL-Left #2	15981708	Paper: Coates et al 2020	neuron 5157808 Mt Everest 3 LMH	
10108062	Patchy LN #18	15981708	Paper: Coates et al 2020	Potential LN 10108063 KEC NWS	
8758601	Patchy LN #17	15981708	Paper: Coates et al 2020	putative Dorsolateral LN 8758602 LMH FS	
8633531	Patchy LN #16	15981708	Paper: Coates et al 2020	putative LatLN 8633532 FS LMH	
8540881	SIMPAL-Left #1	15981708	Paper: Coates et al 2020	neuron 8540882 - Mt Everest 4	
829827	Dense ABAF LN#1	15981708	Paper: Coates et al 2020	Dense ABAF LN-1 829828 SVV FS	
1990940	Patchy LN #1	15981708	Paper: Coates et al 2020	putative Dorsolateral LN 1990941 FS LMH	
2849437	Patchy LN #2	15981708	Paper: Coates et al 2020	LN DL6 candidate neuron 2849438 NS-SAC	
2891306	Dense ABAF LN#2	15981708	Paper: Coates et al 2020	Dense ABAF LN-2 57537 - FML SVV	
5219918	sparse ABAF LN#1	15981708	Paper: Coates et al 2020	Sparse ABAF LN 5219919 ECM SVV	
11633437	Patchy LN #20	15981708	Paper: Coates et al 2020	putative dorsolateral LN 11633438 LMH	
8409238	Patchy LN #15	15981708	Paper: Coates et al 2020	putative Dorsolateral LN 8409239 LMH FS	
8382473	Patchy LN #14	15981708	Paper: Coates et al 2020	putative LatLN 8382474 LMH	
7702725	Patchy LN #13	15981708	Paper: Coates et al 2020	putative LatLN 7702726 AMD LMH NWS ECM	
10238492	Patchy LN #19	15981708	Paper: Coates et al 2020	putative LatLN 10238493 FS	
7348199	Patchy LN #11	15981708	Paper: Coates et al 2020	putative Dorsolateral LN 7348200 FS	
7298321	Patchy LN #8	15981708	Paper: Coates et al 2020	putative LatLN 7298322 LMH FS	
7364280	Patchy LN #12	15981708	Paper: Coates et al 2020	putative LatLN 7364281 FS LMH	
6190457	Patchy LN #6	15981708	Paper: Coates et al 2020	Putative LatLN 6190458 FS LMH	
5994210	Patchy LN #5	15981708	Paper: Coates et al 2020	putative LatLN 5994211 LMH ARH	
5692633	Patchy LN #4	15981708	Paper: Coates et al 2020	putative LatLN 5692634 AMD LMH	
6209269	Patchy LN #7	15981708	Paper: Coates et al 2020	putative LatLN 6209270 LMH	
3077882	SIMPAL-Right #1	15981708	Paper: Coates et al 2020	neuron 3077883 Mt Everest JJ	
3085783	SIMPAL-Right #2	15981708	Paper: Coates et al 2020	neuron 3085784 Mt Everest 2 JJ	
3644717	SMP Input Neuron #1	15981708	Paper: Coates et al 2020	Not A Thing 5 neuron 3644718 KEC	
7298540	Patchy LN #9	15981708	Paper: Coates et al 2020	putative LatLN 7298541 LMH FS	
7298614	Patchy LN #10	15981708	Paper: Coates et al 2020	putative LatLN 7298615 LMH FS	
5243155	Patchy LN #3	15981708	Paper: Coates et al 2020	putative LatLN 5243156 LMH NS	
4210786	EPG-5R#3	16232065	Paper: Turner-Evans et al 2020	PBG5-EBw-gall (right) neuron 341414 EWN AW	
4087066	EPG-5L#3	16232065	Paper: Turner-Evans et al 2020	PBG5-EBw-gall (left) neuron 380990 AES 	
3849973	PEG-5R	16232065	Paper: Turner-Evans et al 2020	PBG5-EBt-gall (right) neuron 308798 VJ	
3512247	PEG-6R	16232065	Paper: Turner-Evans et al 2020	PBG6-EBt-gall (right) neuron 659781 CP	
3491680	PEN2-6R#2	16232065	Paper: Turner-Evans et al 2020	PBG6-EBt-noduli 2 (right) neuron 302517 AES 	
3457743	EPG-5L#2	16232065	Paper: Turner-Evans et al 2020	PBG5-EBw-gall (left) neuron 381455 BBQ 	
3423772	PEN1-6L#2	16232065	Paper: Turner-Evans et al 2020	PBG6-EBt-noduli 1 (left) neuron 373414 AES	
3349747	PEN2-6L#2	16232065	Paper: Turner-Evans et al 2020	PBG6-EBt-noduli 2 (left) neuron 371030 AES	
2703303	PEN2-5L	16232065	Paper: Turner-Evans et al 2020	PBG5-EBt-noduli 2 (left) neuron 826203	
3286828	PEN2-6L#1	16232065	Paper: Turner-Evans et al 2020	PBG6-EBt-noduli 2 (left) neuron 372070	
437814	EPG-5R#1	16232065	Paper: Turner-Evans et al 2020	PBG5-EBw-gall (right) neuron 437815 AES	
525851	PEN1-6R#1	16232065	Paper: Turner-Evans et al 2020	PBG6-EBt-noduli 1 (right) neuron 367405 AES	
607812	PEN1-6R#2	16232065	Paper: Turner-Evans et al 2020	PBG6-EBt-noduli 1 (right) neuron 366478 AES	
649823	PEN1-5L	16232065	Paper: Turner-Evans et al 2020	PBG5-EBt-noduli 1 (left) neuron 649824 VJ	
659759	PEN2-6R#1	16232065	Paper: Turner-Evans et al 2020	PBG6-EBt-noduli 2 (right) neuron 365862 AES	
668576	PEN1-5R	16232065	Paper: Turner-Evans et al 2020	PBG5-EBt-noduli 1 (right) neuron 668577 SA	
803916	Delta7-1R9R8L#1	16232065	Paper: Turner-Evans et al 2020	PBG9R/1R/8L Delta7 Neuron 803917 	
806288	PEN2-5R	16232065	Paper: Turner-Evans et al 2020	PBG5-EBt-noduli 2 (right) neuron 806289 CP 	
827466	PEN1-7L	16232065	Paper: Turner-Evans et al 2020	PBG7-EBt-noduli 1 (left) neuron 827467 CP	
861090	EPG-5R#2	16232065	Paper: Turner-Evans et al 2020	PBG5-EBw-gall (right) neuron 302409 VJ	
963438	PEG-6L	16232065	Paper: Turner-Evans et al 2020	PBG6-EBt-gall (left) neuron 963439 CP	
1032767	PEG-5L	16232065	Paper: Turner-Evans et al 2020	PBG5-EBt-gall (left) neuron 1032768 SA	
1568214	EPG-5L#1	16232065	Paper: Turner-Evans et al 2020	PBG5-EBw-gall (left) neuron 413550 BQ	
1625086	PEN2-7R	16232065	Paper: Turner-Evans et al 2020	PBG7-EBt-noduli 2 (right) neuron 828357	
1639675	PEN2-7L	16232065	Paper: Turner-Evans et al 2020	PBG7-EBt-noduli 2 (left) neuron 828018	
3338987	PEN1-6L#1	16232065	Paper: Turner-Evans et al 2020	PBG6-EBt-noduli 1 (left) neuron 372970 SA	
828911	PEN1-7R	16232065	Paper: Turner-Evans et al 2020	PBG7-EBt-noduli 1 (right) neuron 828912 CP	
