missing terms	meta	relationship	FBbt_id	FBbt_name	notes
possible campaniform sensillum	['adult possible campaniform sensillum', 'possible campaniform sensillum']				best not to map ‘possible’
skeleton	['adult skeleton neuron', 'skeleton neuron', 'adult skeleton', 'skeleton']				not a useful annotation
neck motor neuron	['adult neck motor neuron', 'neck motor neuron']	is_a	FBbt:00051967	neck muscle motor neuron	term pending release
neck motor neuron C1 bundle	['adult neck motor neuron C1 bundle', 'neck motor neuron C1 bundle']				no definitions of sub-bundles, so no term yet
right soma	['adult right soma', 'right soma']	has_soma_location	FBbt:00051212	right side of organism	
neck motor neuron D bundle	['adult neck motor neuron D bundle', 'neck motor neuron D bundle']				no definitions of sub-bundles, so no term yet
left soma	['adult left soma', 'left soma']	has_soma_location	FBbt:00051211	left side of organism	
wing motor neuron	['adult wing motor neuron', 'wing motor neuron']	is_a	FBbt:00047247	flight muscle motor neuron	
wing motor neuron A9 bundle	['adult wing motor neuron A9 bundle', 'wing motor neuron A9 bundle']				no definitions of sub-bundles, so no term yet
posterior soma	['adult posterior soma', 'posterior soma']				term to be made
T2 leg motor neuron L1 bundle	['adult mesothoracic leg motor neuron L1 bundle', 'mesothoracic leg motor neuron L1 bundle', 'adult T2 leg motor neuron L1 bundle', 'T2 leg motor neuron L1 bundle']				no definitions of sub-bundles, so no term yet
wing motor neuron A10 bundle	['adult wing motor neuron A10 bundle', 'wing motor neuron A10 bundle']				no definitions of sub-bundles, so no term yet
wing motor neuron A8 bundle	['adult wing motor neuron A8 bundle', 'wing motor neuron A8 bundle']				no definitions of sub-bundles, so no term yet
T3 leg motor neuron tbd bundle	['adult metathoracic leg motor neuron tbd bundle', 'metathoracic leg motor neuron tbd bundle', 'adult T3 leg motor neuron tbd bundle', 'T3 leg motor neuron tbd bundle']				no definitions of sub-bundles, so no term yet
T1 leg motor neuron V3 bundle	['adult prothoracic leg motor neuron V3 bundle', 'prothoracic leg motor neuron V3 bundle', 'adult T1 leg motor neuron V3 bundle', 'T1 leg motor neuron V3 bundle']				no definitions of sub-bundles, so no term yet
leaves through damage	['adult leaves through damage', 'leaves through damage']				not a useful annotation
T1 leg motor neuron A2 bundle	['adult prothoracic leg motor neuron A2 bundle', 'prothoracic leg motor neuron A2 bundle', 'adult T1 leg motor neuron A2 bundle', 'T1 leg motor neuron A2 bundle']				no definitions of sub-bundles, so no term yet
left-right homologs 10299 & 11944	['adult left-right homologs 10299 & 11944', 'left-right homologs 10299 & 11944', 'adult left-homologs 10299 & 11944', 'left-homologs 10299 & 11944']				can’t annotate this
T3 leg motor neuron L14 bundle	['adult metathoracic leg motor neuron L14 bundle', 'metathoracic leg motor neuron L14 bundle', 'adult T3 leg motor neuron L14 bundle', 'T3 leg motor neuron L14 bundle']				no definitions of sub-bundles, so no term yet
T2 leg motor neuron L6 bundle	['adult mesothoracic leg motor neuron L6 bundle', 'mesothoracic leg motor neuron L6 bundle', 'adult T2 leg motor neuron L6 bundle', 'T2 leg motor neuron L6 bundle']				no definitions of sub-bundles, so no term yet
haltere motor neuron	['adult haltere motor neuron', 'haltere motor neuron']	is_a	FBbt:00051966	haltere muscle motor neuron	term pending release
haltere motor neuron T3 H1 bundle	['adult haltere motor neuron metathoracic H1 bundle', 'haltere motor neuron metathoracic H1 bundle', 'adult haltere motor neuron T3 H1 bundle', 'haltere motor neuron T3 H1 bundle']				no definitions of sub-bundles, so no term yet
T1 leg motor neuron L1 bundle	['adult prothoracic leg motor neuron L1 bundle', 'prothoracic leg motor neuron L1 bundle', 'adult T1 leg motor neuron L1 bundle', 'T1 leg motor neuron L1 bundle']				no definitions of sub-bundles, so no term yet
left-right homologs 83815 & 12402	['adult left-right homologs 83815 & 12402', 'left-right homologs 83815 & 12402', 'adult left-homologs 83815 & 12402', 'left-homologs 83815 & 12402']				can’t annotate this
T2 leg motor neuron L7 bundle	['adult mesothoracic leg motor neuron L7 bundle', 'mesothoracic leg motor neuron L7 bundle', 'adult T2 leg motor neuron L7 bundle', 'T2 leg motor neuron L7 bundle']				no definitions of sub-bundles, so no term yet
left-right homologs 476 & 2180	['adult left-right homologs 476 & 2180', 'left-right homologs 476 & 2180', 'adult left-homologs 476 & 2180', 'left-homologs 476 & 2180']				can’t annotate this
T1 leg motor neuron V6 bundle	['adult prothoracic leg motor neuron V6 bundle', 'prothoracic leg motor neuron V6 bundle', 'adult T1 leg motor neuron V6 bundle', 'T1 leg motor neuron V6 bundle']				no definitions of sub-bundles, so no term yet
left-right homologs 10372 & 10802	['adult left-right homologs 10372 & 10802', 'adult left-homologs 10372 & 10802', 'left-right homologs 10372 & 10802', 'left-homologs 10372 & 10802']				can’t annotate this
T1 leg motor neuron V1 bundle	['adult prothoracic leg motor neuron V1 bundle', 'prothoracic leg motor neuron V1 bundle', 'adult T1 leg motor neuron V1 bundle', 'T1 leg motor neuron V1 bundle']				no definitions of sub-bundles, so no term yet
left-right homologs 10377 & 3808	['adult left-right homologs 10377 & 3808', 'left-right homologs 10377 & 3808', 'adult left-homologs 10377 & 3808', 'left-homologs 10377 & 3808']				can’t annotate this
left-right homologs 8992 & 12425	['adult left-right homologs 8992 & 12425', 'adult left-homologs 8992 & 12425', 'left-right homologs 8992 & 12425', 'left-homologs 8992 & 12425']				can’t annotate this
T2 leg motor neuron L12 bundle	['adult mesothoracic leg motor neuron L12 bundle', 'mesothoracic leg motor neuron L12 bundle', 'adult T2 leg motor neuron L12 bundle', 'T2 leg motor neuron L12 bundle']				no definitions of sub-bundles, so no term yet
left-right homologs 42036 & 18572	['adult left-right homologs 42036 & 18572', 'left-right homologs 42036 & 18572', 'adult left-homologs 42036 & 18572', 'left-homologs 42036 & 18572']				can’t annotate this
left-right homologs 10393 & 12767	['adult left-right homologs 10393 & 12767', 'adult left-homologs 10393 & 12767', 'left-right homologs 10393 & 12767', 'left-homologs 10393 & 12767']				can’t annotate this
T1 leg motor neuron V4 bundle	['adult prothoracic leg motor neuron V4 bundle', 'prothoracic leg motor neuron V4 bundle', 'adult T1 leg motor neuron V4 bundle', 'T1 leg motor neuron V4 bundle']				no definitions of sub-bundles, so no term yet
left-right homologs 10223 & 2212	['adult left-right homologs 10223 & 2212', 'left-right homologs 10223 & 2212', 'adult left-homologs 10223 & 2212', 'left-homologs 10223 & 2212']				can’t annotate this
left-right homologs 10407 & 12822	['adult left-right homologs 10407 & 12822', 'adult left-homologs 10407 & 12822', 'left-right homologs 10407 & 12822', 'left-homologs 10407 & 12822']				can’t annotate this
T1 leg motor neuron A3 bundle	['adult prothoracic leg motor neuron A3 bundle', 'prothoracic leg motor neuron A3 bundle', 'adult T1 leg motor neuron A3 bundle', 'T1 leg motor neuron A3 bundle']				no definitions of sub-bundles, so no term yet
left-right homologs 9888 & 2216	['adult left-right homologs 9888 & 2216', 'left-right homologs 9888 & 2216', 'adult left-homologs 9888 & 2216', 'left-homologs 9888 & 2216']				can’t annotate this
left-right homologs 9878 & 2220	['adult left-right homologs 9878 & 2220', 'left-right homologs 9878 & 2220', 'adult left-homologs 9878 & 2220', 'left-homologs 9878 & 2220']				can’t annotate this
left-right homologs 10414 & 48239	['adult left-right homologs 10414 & 48239', 'adult left-homologs 10414 & 48239', 'left-right homologs 10414 & 48239', 'left-homologs 10414 & 48239']				can’t annotate this
T3 leg motor neuron L15 bundle	['adult metathoracic leg motor neuron L15 bundle', 'metathoracic leg motor neuron L15 bundle', 'adult T3 leg motor neuron L15 bundle', 'T3 leg motor neuron L15 bundle']				no definitions of sub-bundles, so no term yet
T3 leg motor neuron L1 bundle	['adult metathoracic leg motor neuron L1 bundle', 'metathoracic leg motor neuron L1 bundle', 'adult T3 leg motor neuron L1 bundle', 'T3 leg motor neuron L1 bundle']				no definitions of sub-bundles, so no term yet
left-right homologs 10424 & 16223	['adult left-right homologs 10424 & 16223', 'left-right homologs 10424 & 16223', 'adult left-homologs 10424 & 16223', 'left-homologs 10424 & 16223']				can’t annotate this
T1 leg motor neuron D1 bundle	['adult prothoracic leg motor neuron D1 bundle', 'prothoracic leg motor neuron D1 bundle', 'adult T1 leg motor neuron D1 bundle', 'T1 leg motor neuron D1 bundle']				no definitions of sub-bundles, so no term yet
left-right homologs 13031 & 2236	['adult left-right homologs 13031 & 2236', 'adult left-homologs 13031 & 2236', 'left-right homologs 13031 & 2236', 'left-homologs 13031 & 2236']				can’t annotate this
T3 leg motor neuron L18 bundle	['adult metathoracic leg motor neuron L18 bundle', 'metathoracic leg motor neuron L18 bundle', 'adult T3 leg motor neuron L18 bundle', 'T3 leg motor neuron L18 bundle']				no definitions of sub-bundles, so no term yet
T3 leg motor neuron L16 bundle	['adult metathoracic leg motor neuron L16 bundle', 'metathoracic leg motor neuron L16 bundle', 'adult T3 leg motor neuron L16 bundle', 'T3 leg motor neuron L16 bundle']				no definitions of sub-bundles, so no term yet
left-right homologs 11817 & 8565	['adult left-right homologs 11817 & 8565', 'left-right homologs 11817 & 8565', 'adult left-homologs 11817 & 8565', 'left-homologs 11817 & 8565']				can’t annotate this
wing motor neuron PDMN1 bundle	['adult wing motor neuron PDMN1 bundle', 'wing motor neuron PDMN1 bundle']				no definitions of sub-bundles, so no term yet
contains presynapses	['adult contains presynapses', 'contains presynapses']	has_presynaptic_terminal_in	FBbt:00004052	adult ventral nerve cord	
left-right homologs 9746 & 16765	['adult left-right homologs 9746 & 16765', 'left-right homologs 9746 & 16765', 'adult left-homologs 9746 & 16765', 'left-homologs 9746 & 16765']				can’t annotate this
left-right homologs 9207 & 16770	['adult left-right homologs 9207 & 16770', 'left-right homologs 9207 & 16770', 'adult left-homologs 9207 & 16770', 'left-homologs 9207 & 16770']				can’t annotate this
wing motor neuron PDMN2 bundle	['adult wing motor neuron PDMN2 bundle', 'wing motor neuron PDMN2 bundle']				no definitions of sub-bundles, so no term yet
left-right homologs 15084 & 70020	['adult left-right homologs 15084 & 70020', 'adult left-homologs 15084 & 70020', 'left-right homologs 15084 & 70020', 'left-homologs 15084 & 70020']				can’t annotate this
T2 leg motor neuron PDMN bundle	['adult mesothoracic leg motor neuron PDMN bundle', 'mesothoracic leg motor neuron PDMN bundle', 'adult T2 leg motor neuron PDMN bundle', 'T2 leg motor neuron PDMN bundle']	fasciculates_with	FBbt:00004061	adult posterior dorsal mesothoracic nerve	relationship needs adding
left-right homologs 12262 & 16802	['adult left-right homologs 12262 & 16802', 'adult left-homologs 12262 & 16802', 'left-right homologs 12262 & 16802', 'left-homologs 12262 & 16802']				can’t annotate this
left-right homologs 492 & 12708	['adult left-right homologs 492 & 12708', 'left-right homologs 492 & 12708', 'adult left-homologs 492 & 12708', 'left-homologs 492 & 12708']				can’t annotate this
left-right homologs 16811 & 16218	['adult left-right homologs 16811 & 16218', 'adult left-homologs 16811 & 16218', 'left-right homologs 16811 & 16218', 'left-homologs 16811 & 16218']				can’t annotate this
wing motor neuron ADMN1 bundle	['adult wing motor neuron ADMN1 bundle', 'wing motor neuron ADMN1 bundle']				no definitions of sub-bundles, so no term yet
haltere motor neuron HN bundle	['adult haltere motor neuron HN bundle', 'haltere motor neuron HN bundle']	fasciculates_with	FBbt:00004094	adult dorsal metathoracic nerve	relationship needs adding
left-right homologs 464 & 3823	['adult left-right homologs 464 & 3823', 'adult left-homologs 464 & 3823', 'left-right homologs 464 & 3823', 'left-homologs 464 & 3823']				can’t annotate this
top NBLAST hit for 22A08-Gal4	['adult top NBLAST hit for 22A08-Gal4', 'top NBLAST hit for 22A08-Gal4']				can’t annotate this
second NBLAST hit for 81A07-Gal4	['adult second NBLAST hit for 81A07-Gal4', 'second NBLAST hit for 81A07-Gal4']				can’t annotate this
left-right homologs 468 & 15680	['adult left-right homologs 468 & 15680', 'adult left-homologs 468 & 15680', 'left-right homologs 468 & 15680', 'left-homologs 468 & 15680']				can’t annotate this
left-right homologs 472 & 16026	['adult left-right homologs 472 & 16026', 'adult left-homologs 472 & 16026', 'left-right homologs 472 & 16026', 'left-homologs 472 & 16026']				can’t annotate this
T1 leg motor neuron D2 bundle	['adult prothoracic leg motor neuron D2 bundle', 'prothoracic leg motor neuron D2 bundle', 'adult T1 leg motor neuron D2 bundle', 'T1 leg motor neuron D2 bundle']				no definitions of sub-bundles, so no term yet
left-right homologs 16857 & 11380	['adult left-right homologs 16857 & 11380', 'left-right homologs 16857 & 11380', 'adult left-homologs 16857 & 11380', 'left-homologs 16857 & 11380']				can’t annotate this
T1 leg motor neuron L2 bundle	['adult prothoracic leg motor neuron L2 bundle', 'prothoracic leg motor neuron L2 bundle', 'adult T1 leg motor neuron L2 bundle', 'T1 leg motor neuron L2 bundle']				no definitions of sub-bundles, so no term yet
left-right homologs 480 & 11285	['adult left-right homologs 480 & 11285', 'adult left-homologs 480 & 11285', 'left-right homologs 480 & 11285', 'left-homologs 480 & 11285']				can’t annotate this
left-right homologs 484 & 10781	['adult left-right homologs 484 & 10781', 'left-right homologs 484 & 10781', 'adult left-homologs 484 & 10781', 'left-homologs 484 & 10781']				can’t annotate this
left-right homologs 488 & 10971	['adult left-right homologs 488 & 10971', 'adult left-homologs 488 & 10971', 'left-right homologs 488 & 10971', 'left-homologs 488 & 10971']				can’t annotate this
top NBLAST hit for 56H01-LexA	['adult top NBLAST hit for 56H01-LexA', 'top NBLAST hit for 56H01-LexA']				can’t annotate this
left-right homologs 9005 & 12786	['adult left-right homologs 9005 & 12786', 'adult left-homologs 9005 & 12786', 'left-right homologs 9005 & 12786', 'left-homologs 9005 & 12786']				can’t annotate this
T1 leg motor neuron V2 bundle	['adult prothoracic leg motor neuron V2 bundle', 'prothoracic leg motor neuron V2 bundle', 'adult T1 leg motor neuron V2 bundle', 'T1 leg motor neuron V2 bundle']				no definitions of sub-bundles, so no term yet
left-right homologs 11787 & 6654	['adult left-right homologs 11787 & 6654', 'left-right homologs 11787 & 6654', 'adult left-homologs 11787 & 6654', 'left-homologs 11787 & 6654']				can’t annotate this
left-right homologs 9191 & 12803	['adult left-right homologs 9191 & 12803', 'adult left-homologs 9191 & 12803', 'left-right homologs 9191 & 12803', 'left-homologs 9191 & 12803']				can’t annotate this
T3 leg motor neuron A11 bundle	['adult metathoracic leg motor neuron A11 bundle', 'metathoracic leg motor neuron A11 bundle', 'adult T3 leg motor neuron A11 bundle', 'T3 leg motor neuron A11 bundle']				no definitions of sub-bundles, so no term yet
left-right homologs 9557 & 10768	['adult left-right homologs 9557 & 10768', 'left-right homologs 9557 & 10768', 'adult left-homologs 9557 & 10768', 'left-homologs 9557 & 10768']				can’t annotate this
T1 leg motor neuron L3 bundle	['adult prothoracic leg motor neuron L3 bundle', 'prothoracic leg motor neuron L3 bundle', 'adult T1 leg motor neuron L3 bundle', 'T1 leg motor neuron L3 bundle']				no definitions of sub-bundles, so no term yet
left-right homologs 9001 & 10776	['adult left-right homologs 9001 & 10776', 'adult left-homologs 9001 & 10776', 'left-right homologs 9001 & 10776', 'left-homologs 9001 & 10776']				can’t annotate this
left-right homologs 10208 & 10796	['adult left-right homologs 10208 & 10796', 'left-right homologs 10208 & 10796', 'adult left-homologs 10208 & 10796', 'left-homologs 10208 & 10796']				can’t annotate this
left-right homologs 2714 & 6718	['adult left-right homologs 2714 & 6718', 'adult left-homologs 2714 & 6718', 'left-right homologs 2714 & 6718', 'left-homologs 2714 & 6718']				can’t annotate this
top NBLAST hit for 81A07-Gal4	['adult top NBLAST hit for 81A07-Gal4', 'top NBLAST hit for 81A07-Gal4']				can’t annotate this
left-right homologs 581 & 11172	['adult left-right homologs 581 & 11172', 'adult left-homologs 581 & 11172', 'left-right homologs 581 & 11172', 'left-homologs 581 & 11172']				can’t annotate this
left-right homologs 9755 & 10841	['adult left-right homologs 9755 & 10841', 'adult left-homologs 9755 & 10841', 'left-right homologs 9755 & 10841', 'left-homologs 9755 & 10841']				can’t annotate this
T2 leg motor neuron L13 bundle	['adult mesothoracic leg motor neuron L13 bundle', 'mesothoracic leg motor neuron L13 bundle', 'adult T2 leg motor neuron L13 bundle', 'T2 leg motor neuron L13 bundle']				no definitions of sub-bundles, so no term yet
left-right homologs 74336 & 73083	['adult left-right homologs 74336 & 73083', 'adult left-homologs 74336 & 73083', 'left-right homologs 74336 & 73083', 'left-homologs 74336 & 73083']				can’t annotate this
T2 leg motor neuron L11 bundle	['adult mesothoracic leg motor neuron L11 bundle', 'mesothoracic leg motor neuron L11 bundle', 'adult T2 leg motor neuron L11 bundle', 'T2 leg motor neuron L11 bundle']				no definitions of sub-bundles, so no term yet
left-right homologs 70277 & 70316	['adult left-right homologs 70277 & 70316', 'adult left-homologs 70277 & 70316', 'left-right homologs 70277 & 70316', 'left-homologs 70277 & 70316']				can’t annotate this
left-right homologs 9709 & 12964	['adult left-right homologs 9709 & 12964', 'adult left-homologs 9709 & 12964', 'left-right homologs 9709 & 12964', 'left-homologs 9709 & 12964']				can’t annotate this
T2 leg motor neuron A6 bundle	['adult mesothoracic leg motor neuron A6 bundle', 'mesothoracic leg motor neuron A6 bundle', 'adult T2 leg motor neuron A6 bundle', 'T2 leg motor neuron A6 bundle']				no definitions of sub-bundles, so no term yet
haltere motor neuron T3 H3 bundle	['adult haltere motor neuron metathoracic H3 bundle', 'haltere motor neuron metathoracic H3 bundle', 'adult haltere motor neuron T3 H3 bundle', 'haltere motor neuron T3 H3 bundle']				no definitions of sub-bundles, so no term yet
left-right homologs 13025 & 11403	['adult left-right homologs 13025 & 11403', 'adult left-homologs 13025 & 11403', 'left-right homologs 13025 & 11403', 'left-homologs 13025 & 11403']				can’t annotate this
T1 leg motor neuron A4 bundle	['adult prothoracic leg motor neuron A4 bundle', 'prothoracic leg motor neuron A4 bundle', 'adult T1 leg motor neuron A4 bundle', 'T1 leg motor neuron A4 bundle']				no definitions of sub-bundles, so no term yet
left-right homologs 9867 & 10986	['adult left-right homologs 9867 & 10986', 'adult left-homologs 9867 & 10986', 'left-right homologs 9867 & 10986', 'left-homologs 9867 & 10986']				can’t annotate this
left-right homologs 13036 & 11320	['adult left-right homologs 13036 & 11320', 'adult left-homologs 13036 & 11320', 'left-right homologs 13036 & 11320', 'left-homologs 13036 & 11320']				can’t annotate this
left-right homologs 11802 & 11011	['adult left-right homologs 11802 & 11011', 'adult left-homologs 11802 & 11011', 'left-right homologs 11802 & 11011', 'left-homologs 11802 & 11011']				can’t annotate this
second NBLAST hit for 56H01-LexA	['adult second NBLAST hit for 56H01-LexA', 'second NBLAST hit for 56H01-LexA']				can’t annotate this
wing motor neuron ADMN3 bundle	['adult wing motor neuron ADMN3 bundle', 'wing motor neuron ADMN3 bundle']				no definitions of sub-bundles, so no term yet
left-right homologs 74869 & 11052	['adult left-right homologs 74869 & 11052', 'adult left-homologs 74869 & 11052', 'left-right homologs 74869 & 11052', 'left-homologs 74869 & 11052']				can’t annotate this
bilateral	['adult bilateral neuron', 'bilateral neuron', 'adult bilateral', 'bilateral']	has_characteristic	PATO:0000618	bilateral	relationship needs adding - also not sure if curation interface allows PATO terms
left-right homologs 9009 & 11182	['adult left-right homologs 9009 & 11182', 'adult left-homologs 9009 & 11182', 'left-right homologs 9009 & 11182', 'left-homologs 9009 & 11182']				can’t annotate this
left-right homologs 9552 & 11062	['adult left-right homologs 9552 & 11062', 'left-right homologs 9552 & 11062', 'adult left-homologs 9552 & 11062', 'left-homologs 9552 & 11062']				can’t annotate this
left-right homologs 9025 & 3838	['adult left-right homologs 9025 & 3838', 'left-right homologs 9025 & 3838', 'adult left-homologs 9025 & 3838', 'left-homologs 9025 & 3838']				can’t annotate this
T1 leg motor neuron L5 bundle	['adult prothoracic leg motor neuron L5 bundle', 'prothoracic leg motor neuron L5 bundle', 'adult T1 leg motor neuron L5 bundle', 'T1 leg motor neuron L5 bundle']				no definitions of sub-bundles, so no term yet
left-right homologs 9029 & 11468	['adult left-right homologs 9029 & 11468', 'adult left-homologs 9029 & 11468', 'left-right homologs 9029 & 11468', 'left-homologs 9029 & 11468']				can’t annotate this
haltere motor neuron T3 H2 bundle	['adult haltere motor neuron metathoracic H2 bundle', 'haltere motor neuron metathoracic H2 bundle', 'adult haltere motor neuron T3 H2 bundle', 'haltere motor neuron T3 H2 bundle']				no definitions of sub-bundles, so no term yet
left-right homologs 189382 & 193447	['adult left-right homologs 189382 & 193447', 'adult left-homologs 189382 & 193447', 'left-right homologs 189382 & 193447', 'left-homologs 189382 & 193447']				can’t annotate this
T2 leg motor neuron L8 bundle	['adult mesothoracic leg motor neuron L8 bundle', 'mesothoracic leg motor neuron L8 bundle', 'adult T2 leg motor neuron L8 bundle', 'T2 leg motor neuron L8 bundle']				no definitions of sub-bundles, so no term yet
left-right homologs 9630 & 11213	['adult left-right homologs 9630 & 11213', 'adult left-homologs 9630 & 11213', 'left-right homologs 9630 & 11213', 'left-homologs 9630 & 11213']				can’t annotate this
left-right homologs 9171 & 3833	['adult left-right homologs 9171 & 3833', 'adult left-homologs 9171 & 3833', 'left-right homologs 9171 & 3833', 'left-homologs 9171 & 3833']				can’t annotate this
top NBLAST hit for 21G01-LexA	['adult top NBLAST hit for 21G01-LexA', 'top NBLAST hit for 21G01-LexA']				can’t annotate this
left-right homologs 9175 & 16185	['adult left-right homologs 9175 & 16185', 'adult left-homologs 9175 & 16185', 'left-right homologs 9175 & 16185', 'left-homologs 9175 & 16185']				can’t annotate this
left-right homologs 9797 & 3040	['adult left-right homologs 9797 & 3040', 'left-right homologs 9797 & 3040', 'adult left-homologs 9797 & 3040', 'left-homologs 9797 & 3040']				can’t annotate this
left-right homologs 9187 & 11934	['adult left-right homologs 9187 & 11934', 'left-right homologs 9187 & 11934', 'adult left-homologs 9187 & 11934', 'left-homologs 9187 & 11934']				can’t annotate this
top NBLAST hit for 33C10-LexA, after excluding D bundles	['adult top NBLAST hit for 33C10-LexA, after excluding D bundles', 'top NBLAST hit for 33C10-LexA, after excluding D bundles']				can’t annotate this
T2 leg motor neuron L10 bundle	['adult mesothoracic leg motor neuron L10 bundle', 'mesothoracic leg motor neuron L10 bundle', 'adult T2 leg motor neuron L10 bundle', 'T2 leg motor neuron L10 bundle']				no definitions of sub-bundles, so no term yet
left-right homologs 70636 & 73112	['adult left-right homologs 70636 & 73112', 'left-right homologs 70636 & 73112', 'adult left-homologs 70636 & 73112', 'left-homologs 70636 & 73112']				can’t annotate this
left-right homologs 11792 & 17387	['adult left-right homologs 11792 & 17387', 'left-right homologs 11792 & 17387', 'adult left-homologs 11792 & 17387', 'left-homologs 11792 & 17387']				can’t annotate this
figure	['adult figure neuron', 'figure neuron', 'adult figure', 'figure']				not sure what this is
second NBLAST hit for 35C09-Gal4	['adult second NBLAST hit for 35C09-Gal4', 'second NBLAST hit for 35C09-Gal4']				can’t annotate this
second NBLAST hit for 33C10-LexA, after excluding D bundles	['adult second NBLAST hit for 33C10-LexA, after excluding D bundles', 'second NBLAST hit for 33C10-LexA, after excluding D bundles']				can’t annotate this
left-right homologs 12257 & 11339	['adult left-right homologs 12257 & 11339', 'left-right homologs 12257 & 11339', 'adult left-homologs 12257 & 11339', 'left-homologs 12257 & 11339']				can’t annotate this
left-right homologs 9687 & 11392	['adult left-right homologs 9687 & 11392', 'left-right homologs 9687 & 11392', 'adult left-homologs 9687 & 11392', 'left-homologs 9687 & 11392']				can’t annotate this
T1 leg motor neuron A1 bundle	['adult prothoracic leg motor neuron A1 bundle', 'prothoracic leg motor neuron A1 bundle', 'adult T1 leg motor neuron A1 bundle', 'T1 leg motor neuron A1 bundle']				no definitions of sub-bundles, so no term yet
left-right homologs 9929 & 11413	['adult left-right homologs 9929 & 11413', 'adult left-homologs 9929 & 11413', 'left-right homologs 9929 & 11413', 'left-homologs 9929 & 11413']				can’t annotate this
cell type deduced by homology	['adult cell type deduced by homology', 'cell type deduced by homology']				not a useful annotation
wing motor neuron ADMN2 bundle	['adult wing motor neuron ADMN2 bundle', 'wing motor neuron ADMN2 bundle']				no definitions of sub-bundles, so no term yet
possible left-right homologs 75010 & 71200	['adult possible left-right homologs 75010 & 71200', 'possible left-right homologs 75010 & 71200', 'adult possible left-homologs 75010 & 71200', 'possible left-homologs 75010 & 71200']				can’t annotate this
possible left-right homologs 75014 & 71238	['adult possible left-right homologs 75014 & 71238', 'adult possible left-homologs 75014 & 71238', 'possible left-right homologs 75014 & 71238', 'possible left-homologs 75014 & 71238']				can’t annotate this
left-right homologs 9862 & 11597	['adult left-right homologs 9862 & 11597', 'adult left-homologs 9862 & 11597', 'left-right homologs 9862 & 11597', 'left-homologs 9862 & 11597']				can’t annotate this
T1 leg motor neuron A5 bundle	['adult prothoracic leg motor neuron A5 bundle', 'prothoracic leg motor neuron A5 bundle', 'adult T1 leg motor neuron A5 bundle', 'T1 leg motor neuron A5 bundle']				no definitions of sub-bundles, so no term yet
left-right homologs 9857 & 11657	['adult left-right homologs 9857 & 11657', 'left-right homologs 9857 & 11657', 'adult left-homologs 9857 & 11657', 'left-homologs 9857 & 11657']				can’t annotate this
top NBLAST hit for 35C09-Gal4	['adult top NBLAST hit for 35C09-Gal4', 'top NBLAST hit for 35C09-Gal4']				can’t annotate this
T1 leg motor neuron V5 bundle	['adult prothoracic leg motor neuron V5 bundle', 'prothoracic leg motor neuron V5 bundle', 'adult T1 leg motor neuron V5 bundle', 'T1 leg motor neuron V5 bundle']				no definitions of sub-bundles, so no term yet
left-right homologs 11797 & 11682	['adult left-right homologs 11797 & 11682', 'left-right homologs 11797 & 11682', 'adult left-homologs 11797 & 11682', 'left-homologs 11797 & 11682']				can’t annotate this
left-right homologs 9935 & 11715	['adult left-right homologs 9935 & 11715', 'adult left-homologs 9935 & 11715', 'left-right homologs 9935 & 11715', 'left-homologs 9935 & 11715']				can’t annotate this
third NBLAST hit for 35C09-Gal4	['adult third NBLAST hit for 35C09-Gal4', 'third NBLAST hit for 35C09-Gal4']				can’t annotate this
T2 leg motor neuron L9 bundle	['adult mesothoracic leg motor neuron L9 bundle', 'mesothoracic leg motor neuron L9 bundle', 'adult T2 leg motor neuron L9 bundle', 'T2 leg motor neuron L9 bundle']				no definitions of sub-bundles, so no term yet
left-right homologs 9883 & 12239	['adult left-right homologs 9883 & 12239', 'left-right homologs 9883 & 12239', 'adult left-homologs 9883 & 12239', 'left-homologs 9883 & 12239']				can’t annotate this
T3 leg motor neuron A12 bundle	['adult metathoracic leg motor neuron A12 bundle', 'metathoracic leg motor neuron A12 bundle', 'adult T3 leg motor neuron A12 bundle', 'T3 leg motor neuron A12 bundle']				no definitions of sub-bundles, so no term yet
left-right homologs 9899 & 12275	['adult left-right homologs 9899 & 12275', 'left-right homologs 9899 & 12275', 'adult left-homologs 9899 & 12275', 'left-homologs 9899 & 12275']				can’t annotate this
T1 leg motor neuron L4 bundle	['adult prothoracic leg motor neuron L4 bundle', 'prothoracic leg motor neuron L4 bundle', 'adult T1 leg motor neuron L4 bundle', 'T1 leg motor neuron L4 bundle']				no definitions of sub-bundles, so no term yet
left-right homologs 12243 & 16242	['adult left-right homologs 12243 & 16242', 'adult left-homologs 12243 & 16242', 'left-right homologs 12243 & 16242', 'left-homologs 12243 & 16242']				can’t annotate this
second NBLAST hit for 21G01-LexA	['adult second NBLAST hit for 21G01-LexA', 'second NBLAST hit for 21G01-LexA']				can’t annotate this
T2 leg motor neuron A7 bundle	['adult mesothoracic leg motor neuron A7 bundle', 'mesothoracic leg motor neuron A7 bundle', 'adult T2 leg motor neuron A7 bundle', 'T2 leg motor neuron A7 bundle']				no definitions of sub-bundles, so no term yet
possible nonoblique campaniform sensillum	['adult possible nonoblique campaniform sensillum', 'possible nonoblique campaniform sensillum']				best not to map ‘possible’
T1 leg sensory neuron unclassified subtype	['adult prothoracic leg sensory neuron unclassified subtype', 'prothoracic leg sensory neuron unclassified subtype', 'adult T1 leg sensory neuron unclassified subtype', 'T1 leg sensory neuron unclassified subtype']				nothing more specific than ‘sensory neuron’
left T1 posterior edge	['adult left prothoracic posterior edge', 'adult prothoracic posterior edge', 'left prothoracic posterior edge', 'adult left T1 posterior edge', 'prothoracic posterior edge', 'adult T1 posterior edge', 'left T1 posterior edge', 'T1 posterior edge']				
bristle	['adult bristle neuron', 'bristle neuron', 'adult bristle', 'bristle']				not sure what this is
left T1 ventral edge	['adult left prothoracic ventral edge', 'adult prothoracic ventral edge', 'left prothoracic ventral edge', 'adult left T1 ventral edge', 'prothoracic ventral edge', 'adult T1 ventral edge', 'left T1 ventral edge', 'T1 ventral edge']				not sure what this is
possible stretch receptor	['adult possible stretch receptor', 'possible stretch receptor']				best not to map ‘possible’
enveloping	['adult enveloping neuron', 'enveloping neuron', 'adult enveloping', 'enveloping']				not sure what this is
Neuron 106559	['adult Neuron 106559', 'Neuron 106559']	is_a	FBbt:00005106	neuron	
CoHP8	['adult CoHP8 neuron', 'CoHP8 neuron', 'adult CoHP8', 'CoHP8']	is_a	FBbt:00058084	mechanosensory neuron of prothoracic coxal hair plate CoHP8	
T1 leg chordotonal neuron unclassified subtype	['adult prothoracic leg chordotonal neuron unclassified subtype', 'prothoracic leg chordotonal neuron unclassified subtype', 'adult T1 leg chordotonal neuron unclassified subtype', 'T1 leg chordotonal neuron unclassified subtype']	is_a	FBbt:00048274	mechanosensory neuron of leg chordotonal organ	nothing more specific for T1 unless FeCO
T1 leg claw chordotonal neuron B bundle	['adult prothoracic leg claw chordotonal neuron B bundle', 'prothoracic leg claw chordotonal neuron B bundle', 'adult T1 leg claw chordotonal neuron B bundle', 'T1 leg claw chordotonal neuron B bundle']				no definitions of sub-bundles, so no term yet
T1 leg claw chordotonal neuron A bundle	['adult prothoracic leg claw chordotonal neuron A bundle', 'prothoracic leg claw chordotonal neuron A bundle', 'adult T1 leg claw chordotonal neuron A bundle', 'T1 leg claw chordotonal neuron A bundle']				no definitions of sub-bundles, so no term yet
left T1 anterior edge	['adult left prothoracic anterior edge', 'adult prothoracic anterior edge', 'left prothoracic anterior edge', 'adult left T1 anterior edge', 'prothoracic anterior edge', 'adult T1 anterior edge', 'left T1 anterior edge', 'T1 anterior edge']				not sure what this is
ventral bifurcator	['adult ventral bifurcator', 'ventral bifurcator']				not sure what this is
efferent neuron	['adult efferent neuron', 'efferent neuron']	is_a	FBbt:00051964	adult efferent neuron	term pending release
left-right homologs 12916 & 69998	['adult left-right homologs 12916 & 69998', 'adult left-homologs 12916 & 69998', 'left-right homologs 12916 & 69998', 'left-homologs 12916 & 69998']				can’t annotate this
bCS figure	['adult bCS figure', 'bCS figure']	is_a	FBbt:00049572	bilateral campaniform sensillum neuron of leg	not sure why this has ‘figure’ in the name, we have T1, T2, T3 subclasses if needed
Neuron 103139	['adult Neuron 103139', 'Neuron 103139']	is_a	FBbt:00005106	neuron	
CoHP3	['adult CoHP3 neuron', 'CoHP3 neuron', 'adult CoHP3', 'CoHP3']	is_a	FBbt:00058082	mechanosensory neuron of prothoracic coxal hair plate CoHP3	
possible hair plate	['adult possible hair plate', 'possible hair plate']				best not to map ‘possible’
T1 leg ascending chordotonal neuron	['adult prothoracic leg ascending chordotonal neuron', 'prothoracic leg ascending chordotonal neuron', 'adult T1 leg ascending chordotonal neuron', 'T1 leg ascending chordotonal neuron']	is_a	FBbt:00048275	ascending mechanosensory neuron of leg chordotonal organ	not T1 specific
sensory neuron unclassified subtype	['adult sensory neuron unclassified subtype', 'sensory neuron unclassified subtype']	is_a	FBbt:00005124	sensory neuron	
possible chordotonal neuron	['adult possible chordotonal neuron', 'possible chordotonal neuron']				best not to map ‘possible’
possible tibia chordotonal neuron	['adult possible tibia chordotonal neuron', 'possible tibia chordotonal neuron']				best not to map ‘possible’
Neuron 115437	['adult Neuron 115437', 'Neuron 115437']	is_a	FBbt:00005106	neuron	
Neuron 115426	['adult Neuron 115426', 'Neuron 115426']	is_a	FBbt:00005106	neuron	
CoHP4	['adult CoHP4 neuron', 'CoHP4 neuron', 'adult CoHP4', 'CoHP4']	is_a	FBbt:00058083	mechanosensory neuron of prothoracic coxal hair plate CoHP4	
T1 leg DUM neuron	['prothoracic leg dorsal unpaired median neuron', 'T1 leg dorsal unpaired median neuron', 'adult prothoracic leg DUM neuron', 'prothoracic leg DUM neuron', 'adult T1 leg DUM neuron', 'T1 leg DUM neuron']	is_a	FBbt:00049554	adult dorsal unpaired median neuron	no subclasses yet (were not described in paper)
T2 leg DUM neuron	['mesothoracic leg dorsal unpaired median neuron', 'T2 leg dorsal unpaired median neuron', 'adult mesothoracic leg DUM neuron', 'mesothoracic leg DUM neuron', 'adult T2 leg DUM neuron', 'T2 leg DUM neuron']	is_a	FBbt:00049554	adult dorsal unpaired median neuron	no subclasses yet (were not described in paper)
wing DUM neuron	['wing dorsal unpaired median neuron', 'adult wing DUM neuron', 'wing DUM neuron']	is_a	FBbt:00049554	adult dorsal unpaired median neuron	no subclasses yet (were not described in paper)
neck DUM neuron	['neck dorsal unpaired median neuron', 'adult neck DUM neuron', 'neck DUM neuron']	is_a	FBbt:00049554	adult dorsal unpaired median neuron	no subclasses yet (were not described in paper)
T3 leg DUM neuron	['metathoracic leg dorsal unpaired median neuron', 'T3 leg dorsal unpaired median neuron', 'adult metathoracic leg DUM neuron', 'metathoracic leg DUM neuron', 'adult T3 leg DUM neuron', 'T3 leg DUM neuron']	is_a	FBbt:00049554	adult dorsal unpaired median neuron	no subclasses yet (were not described in paper)
haltere DUM neuron	['haltere dorsal unpaired median neuron', 'adult haltere DUM neuron', 'haltere DUM neuron']	is_a	FBbt:00049554	adult dorsal unpaired median neuron	no subclasses yet (were not described in paper)
left-right flipped	['adult left-right flipped', 'left-right flipped', 'adult left-flipped', 'left-flipped']				could make term in VFBext
neck chordotonal neuron	['adult neck chordotonal neuron', 'neck chordotonal neuron']				we don’t have this and I couldn’t find in literature
FeCS11-9	['adult FeCS11-9 neuron', 'FeCS11-9 neuron', 'adult FeCS11-9', 'FeCS11-9']				might be FeCS11, but need to know segment to map
midline soma	['adult midline soma', 'midline soma']	has_soma_location	FBbt:00051209	cell body rind along midline of adult ventral nerve cord	
needs review	['adult needs review', 'needs review']				not a useful annotation
pruned	['adult pruned neuron', 'pruned neuron', 'adult pruned', 'pruned']				could make term in VFBext
pruned to nodes with radius 500	['adult pruned to nodes with radius 500', 'pruned to nodes with radius 500']				too specific to make term
left T1 dorsal nerve	['adult left prothoracic dorsal nerve', 'adult prothoracic dorsal nerve', 'left prothoracic dorsal nerve', 'adult left T1 dorsal nerve', 'prothoracic dorsal nerve', 'adult T1 dorsal nerve', 'left T1 dorsal nerve', 'T1 dorsal nerve']	fasciculates_with	FBbt:00004055	adult dorsal prothoracic nerve	relationship needs adding
right T1 dorsal nerve	['adult right prothoracic dorsal nerve', 'right prothoracic dorsal nerve', 'adult prothoracic dorsal nerve', 'adult right T1 dorsal nerve', 'prothoracic dorsal nerve', 'right T1 dorsal nerve', 'adult T1 dorsal nerve', 'T1 dorsal nerve']	fasciculates_with	FBbt:00004055	adult dorsal prothoracic nerve	relationship needs adding
left ventral-3 branch of T2 leg nerve	['adult left ventral-3 branch of mesothoracic leg nerve', 'adult ventral-3 branch of mesothoracic leg nerve', 'left ventral-3 branch of mesothoracic leg nerve', 'adult left ventral-3 branch of T2 leg nerve', 'ventral-3 branch of mesothoracic leg nerve', 'adult ventral-3 branch of T2 leg nerve', 'left ventral-3 branch of T2 leg nerve', 'ventral-3 branch of T2 leg nerve']				no definitions of branches, so no term yet
left dorsal-5 branch of T2 leg nerve	['adult left dorsal-5 branch of mesothoracic leg nerve', 'adult dorsal-5 branch of mesothoracic leg nerve', 'left dorsal-5 branch of mesothoracic leg nerve', 'adult left dorsal-5 branch of T2 leg nerve', 'dorsal-5 branch of mesothoracic leg nerve', 'adult dorsal-5 branch of T2 leg nerve', 'left dorsal-5 branch of T2 leg nerve', 'dorsal-5 branch of T2 leg nerve']				no definitions of branches, so no term yet
nerve deduced by homology	['adult nerve deduced by homology', 'nerve deduced by homology']				not a useful annotation
left ventral-2 branch of T2 leg nerve	['adult left ventral-2 branch of mesothoracic leg nerve', 'adult ventral-2 branch of mesothoracic leg nerve', 'left ventral-2 branch of mesothoracic leg nerve', 'adult left ventral-2 branch of T2 leg nerve', 'ventral-2 branch of mesothoracic leg nerve', 'adult ventral-2 branch of T2 leg nerve', 'left ventral-2 branch of T2 leg nerve', 'ventral-2 branch of T2 leg nerve']				no definitions of branches, so no term yet
right dorsal-5 branch of T2 leg nerve	['adult right dorsal-5 branch of mesothoracic leg nerve', 'right dorsal-5 branch of mesothoracic leg nerve', 'adult dorsal-5 branch of mesothoracic leg nerve', 'adult right dorsal-5 branch of T2 leg nerve', 'dorsal-5 branch of mesothoracic leg nerve', 'right dorsal-5 branch of T2 leg nerve', 'adult dorsal-5 branch of T2 leg nerve', 'dorsal-5 branch of T2 leg nerve']				no definitions of branches, so no term yet
right ventral-3 branch of T2 leg nerve	['adult right ventral-3 branch of mesothoracic leg nerve', 'right ventral-3 branch of mesothoracic leg nerve', 'adult ventral-3 branch of mesothoracic leg nerve', 'adult right ventral-3 branch of T2 leg nerve', 'ventral-3 branch of mesothoracic leg nerve', 'right ventral-3 branch of T2 leg nerve', 'adult ventral-3 branch of T2 leg nerve', 'ventral-3 branch of T2 leg nerve']				no definitions of branches, so no term yet
right dorsal-3 branch of T2 leg nerve	['adult right dorsal-3 branch of mesothoracic leg nerve', 'right dorsal-3 branch of mesothoracic leg nerve', 'adult dorsal-3 branch of mesothoracic leg nerve', 'adult right dorsal-3 branch of T2 leg nerve', 'dorsal-3 branch of mesothoracic leg nerve', 'right dorsal-3 branch of T2 leg nerve', 'adult dorsal-3 branch of T2 leg nerve', 'dorsal-3 branch of T2 leg nerve']				no definitions of branches, so no term yet
left dorsal-3 branch of T2 leg nerve	['adult left dorsal-3 branch of mesothoracic leg nerve', 'adult dorsal-3 branch of mesothoracic leg nerve', 'left dorsal-3 branch of mesothoracic leg nerve', 'adult left dorsal-3 branch of T2 leg nerve', 'dorsal-3 branch of mesothoracic leg nerve', 'adult dorsal-3 branch of T2 leg nerve', 'left dorsal-3 branch of T2 leg nerve', 'dorsal-3 branch of T2 leg nerve']				no definitions of branches, so no term yet
right ventral-2 branch of T2 leg nerve	['adult right ventral-2 branch of mesothoracic leg nerve', 'right ventral-2 branch of mesothoracic leg nerve', 'adult ventral-2 branch of mesothoracic leg nerve', 'adult right ventral-2 branch of T2 leg nerve', 'ventral-2 branch of mesothoracic leg nerve', 'adult ventral-2 branch of T2 leg nerve', 'right ventral-2 branch of T2 leg nerve', 'ventral-2 branch of T2 leg nerve']				no definitions of branches, so no term yet
ventrally projecting dorsal nerve sensory neuron	['adult ventrally projecting dorsal nerve sensory neuron', 'ventrally projecting dorsal nerve sensory neuron']				no specific term for this
